slot,user_id,traffic_type,arrivals_bits,delivered_bits,capacity_bits,buffer_bits,sinr_linear,rbg_count
0,0,eMBB,40000.0,40000.0,555664.0526258769,0.0,21154567832.90881,3
0,1,URLLC,882.0,882.0,466140.82221938553,0.0,459065516.66790885,3
0,2,mMTC,461.0,461.0,420777.7362791648,0.0,65907271.80327702,3
0,3,eMBB,40000.0,40000.0,504706.2855345381,0.0,2390572449.284582,3
0,4,URLLC,858.0,858.0,548502.0179661575,0.0,15571072400.887222,3
0,5,mMTC,452.0,452.0,288479.4971601925,0.0,109857988.36116448,2
1,0,eMBB,40000.0,40000.0,555664.0526258769,0.0,21154567832.90881,3
1,1,URLLC,926.0,926.0,466140.82221938553,0.0,459065516.66790885,3
1,2,mMTC,425.0,425.0,420777.7362791648,0.0,65907271.80327702,3
1,3,eMBB,40000.0,40000.0,504706.2855345381,0.0,2390572449.284582,3
1,4,URLLC,875.0,875.0,548502.0179661575,0.0,15571072400.887222,3
1,5,mMTC,442.0,442.0,288479.4971601925,0.0,109857988.36116448,2
2,0,eMBB,40000.0,40000.0,555664.0526258769,0.0,21154567832.90881,3
2,1,URLLC,902.0,902.0,466140.82221938553,0.0,459065516.66790885,3
2,2,mMTC,433.0,433.0,420777.7362791648,0.0,65907271.80327702,3
2,3,eMBB,40000.0,40000.0,504706.2855345381,0.0,2390572449.284582,3
2,4,URLLC,889.0,889.0,548502.0179661575,0.0,15571072400.887222,3
2,5,mMTC,426.0,426.0,288479.4971601925,0.0,109857988.36116448,2
3,0,eMBB,40000.0,40000.0,555664.0526258769,0.0,21154567832.90881,3
3,1,URLLC,901.0,901.0,466140.82221938553,0.0,459065516.66790885,3
3,2,mMTC,453.0,453.0,420777.7362791648,0.0,65907271.80327702,3
3,3,eMBB,40000.0,40000.0,504706.2855345381,0.0,2390572449.284582,3
3,4,URLLC,876.0,876.0,548502.0179661575,0.0,15571072400.887222,3
3,5,mMTC,458.0,458.0,288479.4971601925,0.0,109857988.36116448,2
4,0,eMBB,40000.0,40000.0,555664.0526258769,0.0,21154567832.90881,3
4,1,URLLC,852.0,852.0,466140.82221938553,0.0,459065516.66790885,3
4,2,mMTC,431.0,431.0,420777.7362791648,0.0,65907271.80327702,3
4,3,eMBB,40000.0,40000.0,504706.2855345381,0.0,2390572449.284582,3
4,4,URLLC,876.0,876.0,548502.0179661575,0.0,15571072400.887222,3
4,5,mMTC,449.0,449.0,288479.4971601925,0.0,109857988.36116448,2
5,0,eMBB,40000.0,40000.0,555664.0526258769,0.0,21154567832.90881,3
5,1,URLLC,953.0,953.0,466140.82221938553,0.0,459065516.66790885,3
5,2,mMTC,452.0,452.0,420777.7362791648,0.0,65907271.80327702,3
5,3,eMBB,40000.0,40000.0,504706.2855345381,0.0,2390572449.284582,3
5,4,URLLC,844.0,844.0,548502.0179661575,0.0,15571072400.887222,3
5,5,mMTC,396.0,396.0,288479.4971601925,0.0,109857988.36116448,2
6,0,eMBB,40000.0,40000.0,555664.0526258769,0.0,21154567832.90881,3
6,1,URLLC,883.0,883.0,466140.82221938553,0.0,459065516.66790885,3
6,2,mMTC,469.0,469.0,420777.7362791648,0.0,65907271.80327702,3
6,3,eMBB,40000.0,40000.0,504706.2855345381,0.0,2390572449.284582,3
6,4,URLLC,873.0,873.0,548502.0179661575,0.0,15571072400.887222,3
6,5,mMTC,420.0,420.0,288479.4971601925,0.0,109857988.36116448,2
7,0,eMBB,40000.0,40000.0,555664.0526258769,0.0,21154567832.90881,3
7,1,URLLC,918.0,918.0,466140.82221938553,0.0,459065516.66790885,3
7,2,mMTC,459.0,459.0,420777.7362791648,0.0,65907271.80327702,3
7,3,eMBB,40000.0,40000.0,504706.2855345381,0.0,2390572449.284582,3
7,4,URLLC,918.0,918.0,548502.0179661575,0.0,15571072400.887222,3
7,5,mMTC,438.0,438.0,288479.4971601925,0.0,109857988.36116448,2
8,0,eMBB,40000.0,40000.0,555664.0526258769,0.0,21154567832.90881,3
8,1,URLLC,930.0,930.0,466140.82221938553,0.0,459065516.66790885,3
8,2,mMTC,436.0,436.0,420777.7362791648,0.0,65907271.80327702,3
8,3,eMBB,40000.0,40000.0,504706.2855345381,0.0,2390572449.284582,3
8,4,URLLC,876.0,876.0,548502.0179661575,0.0,15571072400.887222,3
8,5,mMTC,461.0,461.0,288479.4971601925,0.0,109857988.36116448,2
9,0,eMBB,40000.0,40000.0,555664.0526258769,0.0,21154567832.90881,3
9,1,URLLC,935.0,935.0,466140.82221938553,0.0,459065516.66790885,3
9,2,mMTC,417.0,417.0,420777.7362791648,0.0,65907271.80327702,3
9,3,eMBB,40000.0,40000.0,504706.2855345381,0.0,2390572449.284582,3
9,4,URLLC,917.0,917.0,548502.0179661575,0.0,15571072400.887222,3
9,5,mMTC,464.0,464.0,288479.4971601925,0.0,109857988.36116448,2
10,0,eMBB,40000.0,40000.0,555664.0526258769,0.0,21154567832.90881,3
10,1,URLLC,895.0,895.0,466140.82221938553,0.0,459065516.66790885,3
10,2,mMTC,435.0,435.0,420777.7362791648,0.0,65907271.80327702,3
10,3,eMBB,40000.0,40000.0,504706.2855345381,0.0,2390572449.284582,3
10,4,URLLC,940.0,940.0,548502.0179661575,0.0,15571072400.887222,3
10,5,mMTC,441.0,441.0,288479.4971601925,0.0,109857988.36116448,2
11,0,eMBB,40000.0,40000.0,555664.0526258769,0.0,21154567832.90881,3
11,1,URLLC,868.0,868.0,466140.82221938553,0.0,459065516.66790885,3
11,2,mMTC,433.0,433.0,420777.7362791648,0.0,65907271.80327702,3
11,3,eMBB,40000.0,40000.0,504706.2855345381,0.0,2390572449.284582,3
11,4,URLLC,948.0,948.0,548502.0179661575,0.0,15571072400.887222,3
11,5,mMTC,455.0,455.0,288479.4971601925,0.0,109857988.36116448,2
12,0,eMBB,40000.0,40000.0,555664.0526258769,0.0,21154567832.90881,3
12,1,URLLC,922.0,922.0,466140.82221938553,0.0,459065516.66790885,3
12,2,mMTC,477.0,477.0,420777.7362791648,0.0,65907271.80327702,3
12,3,eMBB,40000.0,40000.0,504706.2855345381,0.0,2390572449.284582,3
12,4,URLLC,922.0,922.0,548502.0179661575,0.0,15571072400.887222,3
12,5,mMTC,435.0,435.0,288479.4971601925,0.0,109857988.36116448,2
13,0,eMBB,40000.0,40000.0,555664.0526258769,0.0,21154567832.90881,3
13,1,URLLC,868.0,868.0,466140.82221938553,0.0,459065516.66790885,3
13,2,mMTC,468.0,468.0,420777.7362791648,0.0,65907271.80327702,3
13,3,eMBB,40000.0,40000.0,504706.2855345381,0.0,2390572449.284582,3
13,4,URLLC,886.0,886.0,548502.0179661575,0.0,15571072400.887222,3
13,5,mMTC,417.0,417.0,288479.4971601925,0.0,109857988.36116448,2
14,0,eMBB,40000.0,40000.0,555664.0526258769,0.0,21154567832.90881,3
14,1,URLLC,955.0,955.0,466140.82221938553,0.0,459065516.66790885,3
14,2,mMTC,447.0,447.0,420777.7362791648,0.0,65907271.80327702,3
14,3,eMBB,40000.0,40000.0,504706.2855345381,0.0,2390572449.284582,3
14,4,URLLC,881.0,881.0,548502.0179661575,0.0,15571072400.887222,3
14,5,mMTC,503.0,503.0,288479.4971601925,0.0,109857988.36116448,2
15,0,eMBB,40000.0,40000.0,555664.0526258769,0.0,21154567832.90881,3
15,1,URLLC,893.0,893.0,466140.82221938553,0.0,459065516.66790885,3
15,2,mMTC,433.0,433.0,420777.7362791648,0.0,65907271.80327702,3
15,3,eMBB,40000.0,40000.0,504706.2855345381,0.0,2390572449.284582,3
15,4,URLLC,902.0,902.0,548502.0179661575,0.0,15571072400.887222,3
15,5,mMTC,399.0,399.0,288479.4971601925,0.0,109857988.36116448,2
16,0,eMBB,40000.0,40000.0,555664.0526258769,0.0,21154567832.90881,3
16,1,URLLC,940.0,940.0,466140.82221938553,0.0,459065516.66790885,3
16,2,mMTC,421.0,421.0,420777.7362791648,0.0,65907271.80327702,3
16,3,eMBB,40000.0,40000.0,504706.2855345381,0.0,2390572449.284582,3
16,4,URLLC,908.0,908.0,548502.0179661575,0.0,15571072400.887222,3
16,5,mMTC,429.0,429.0,288479.4971601925,0.0,109857988.36116448,2
17,0,eMBB,40000.0,40000.0,555664.0526258769,0.0,21154567832.90881,3
17,1,URLLC,881.0,881.0,466140.82221938553,0.0,459065516.66790885,3
17,2,mMTC,455.0,455.0,420777.7362791648,0.0,65907271.80327702,3
17,3,eMBB,40000.0,40000.0,504706.2855345381,0.0,2390572449.284582,3
17,4,URLLC,845.0,845.0,548502.0179661575,0.0,15571072400.887222,3
17,5,mMTC,435.0,435.0,288479.4971601925,0.0,109857988.36116448,2
18,0,eMBB,40000.0,40000.0,555664.0526258769,0.0,21154567832.90881,3
18,1,URLLC,908.0,908.0,466140.82221938553,0.0,459065516.66790885,3
18,2,mMTC,447.0,447.0,420777.7362791648,0.0,65907271.80327702,3
18,3,eMBB,40000.0,40000.0,504706.2855345381,0.0,2390572449.284582,3
18,4,URLLC,905.0,905.0,548502.0179661575,0.0,15571072400.887222,3
18,5,mMTC,458.0,458.0,288479.4971601925,0.0,109857988.36116448,2
19,0,eMBB,40000.0,40000.0,555664.0526258769,0.0,21154567832.90881,3
19,1,URLLC,952.0,952.0,466140.82221938553,0.0,459065516.66790885,3
19,2,mMTC,436.0,436.0,420777.7362791648,0.0,65907271.80327702,3
19,3,eMBB,40000.0,40000.0,504706.2855345381,0.0,2390572449.284582,3
19,4,URLLC,946.0,946.0,548502.0179661575,0.0,15571072400.887222,3
19,5,mMTC,431.0,431.0,288479.4971601925,0.0,109857988.36116448,2
20,0,eMBB,40000.0,40000.0,555664.0526258769,0.0,21154567832.90881,3
20,1,URLLC,923.0,923.0,466140.82221938553,0.0,459065516.66790885,3
20,2,mMTC,448.0,448.0,420777.7362791648,0.0,65907271.80327702,3
20,3,eMBB,40000.0,40000.0,504706.2855345381,0.0,2390572449.284582,3
20,4,URLLC,846.0,846.0,548502.0179661575,0.0,15571072400.887222,3
20,5,mMTC,478.0,478.0,288479.4971601925,0.0,109857988.36116448,2
21,0,eMBB,40000.0,40000.0,555664.0526258769,0.0,21154567832.90881,3
21,1,URLLC,879.0,879.0,466140.82221938553,0.0,459065516.66790885,3
21,2,mMTC,461.0,461.0,420777.7362791648,0.0,65907271.80327702,3
21,3,eMBB,40000.0,40000.0,504706.2855345381,0.0,2390572449.284582,3
21,4,URLLC,935.0,935.0,548502.0179661575,0.0,15571072400.887222,3
21,5,mMTC,455.0,455.0,288479.4971601925,0.0,109857988.36116448,2
22,0,eMBB,40000.0,40000.0,555664.0526258769,0.0,21154567832.90881,3
22,1,URLLC,859.0,859.0,466140.82221938553,0.0,459065516.66790885,3
22,2,mMTC,453.0,453.0,420777.7362791648,0.0,65907271.80327702,3
22,3,eMBB,40000.0,40000.0,504706.2855345381,0.0,2390572449.284582,3
22,4,URLLC,848.0,848.0,548502.0179661575,0.0,15571072400.887222,3
22,5,mMTC,449.0,449.0,288479.4971601925,0.0,109857988.36116448,2
23,0,eMBB,40000.0,40000.0,555664.0526258769,0.0,21154567832.90881,3
23,1,URLLC,906.0,906.0,466140.82221938553,0.0,459065516.66790885,3
23,2,mMTC,460.0,460.0,420777.7362791648,0.0,65907271.80327702,3
23,3,eMBB,40000.0,40000.0,504706.2855345381,0.0,2390572449.284582,3
23,4,URLLC,877.0,877.0,548502.0179661575,0.0,15571072400.887222,3
23,5,mMTC,456.0,456.0,288479.4971601925,0.0,109857988.36116448,2
24,0,eMBB,40000.0,40000.0,555664.0526258769,0.0,21154567832.90881,3
24,1,URLLC,907.0,907.0,466140.82221938553,0.0,459065516.66790885,3
24,2,mMTC,413.0,413.0,420777.7362791648,0.0,65907271.80327702,3
24,3,eMBB,40000.0,40000.0,504706.2855345381,0.0,2390572449.284582,3
24,4,URLLC,872.0,872.0,548502.0179661575,0.0,15571072400.887222,3
24,5,mMTC,477.0,477.0,288479.4971601925,0.0,109857988.36116448,2
25,0,eMBB,40000.0,40000.0,555664.0526258769,0.0,21154567832.90881,3
25,1,URLLC,921.0,921.0,466140.82221938553,0.0,459065516.66790885,3
25,2,mMTC,451.0,451.0,420777.7362791648,0.0,65907271.80327702,3
25,3,eMBB,40000.0,40000.0,504706.2855345381,0.0,2390572449.284582,3
25,4,URLLC,864.0,864.0,548502.0179661575,0.0,15571072400.887222,3
25,5,mMTC,432.0,432.0,288479.4971601925,0.0,109857988.36116448,2
26,0,eMBB,40000.0,40000.0,555664.0526258769,0.0,21154567832.90881,3
26,1,URLLC,905.0,905.0,466140.82221938553,0.0,459065516.66790885,3
26,2,mMTC,481.0,481.0,420777.7362791648,0.0,65907271.80327702,3
26,3,eMBB,40000.0,40000.0,504706.2855345381,0.0,2390572449.284582,3
26,4,URLLC,887.0,887.0,548502.0179661575,0.0,15571072400.887222,3
26,5,mMTC,433.0,433.0,288479.4971601925,0.0,109857988.36116448,2
27,0,eMBB,40000.0,40000.0,555664.0526258769,0.0,21154567832.90881,3
27,1,URLLC,928.0,928.0,466140.82221938553,0.0,459065516.66790885,3
27,2,mMTC,423.0,423.0,420777.7362791648,0.0,65907271.80327702,3
27,3,eMBB,40000.0,40000.0,504706.2855345381,0.0,2390572449.284582,3
27,4,URLLC,951.0,951.0,548502.0179661575,0.0,15571072400.887222,3
27,5,mMTC,451.0,451.0,288479.4971601925,0.0,109857988.36116448,2
28,0,eMBB,40000.0,40000.0,555664.0526258769,0.0,21154567832.90881,3
28,1,URLLC,856.0,856.0,466140.82221938553,0.0,459065516.66790885,3
28,2,mMTC,475.0,475.0,420777.7362791648,0.0,65907271.80327702,3
28,3,eMBB,40000.0,40000.0,504706.2855345381,0.0,2390572449.284582,3
28,4,URLLC,910.0,910.0,548502.0179661575,0.0,15571072400.887222,3
28,5,mMTC,438.0,438.0,288479.4971601925,0.0,109857988.36116448,2
29,0,eMBB,40000.0,40000.0,555664.0526258769,0.0,21154567832.90881,3
29,1,URLLC,922.0,922.0,466140.82221938553,0.0,459065516.66790885,3
29,2,mMTC,473.0,473.0,420777.7362791648,0.0,65907271.80327702,3
29,3,eMBB,40000.0,40000.0,504706.2855345381,0.0,2390572449.284582,3
29,4,URLLC,894.0,894.0,548502.0179661575,0.0,15571072400.887222,3
29,5,mMTC,466.0,466.0,288479.4971601925,0.0,109857988.36116448,2
30,0,eMBB,40000.0,40000.0,555664.0526258769,0.0,21154567832.90881,3
30,1,URLLC,911.0,911.0,466140.82221938553,0.0,459065516.66790885,3
30,2,mMTC,477.0,477.0,420777.7362791648,0.0,65907271.80327702,3
30,3,eMBB,40000.0,40000.0,504706.2855345381,0.0,2390572449.284582,3
30,4,URLLC,882.0,882.0,548502.0179661575,0.0,15571072400.887222,3
30,5,mMTC,451.0,451.0,288479.4971601925,0.0,109857988.36116448,2
31,0,eMBB,40000.0,40000.0,555664.0526258769,0.0,21154567832.90881,3
31,1,URLLC,890.0,890.0,466140.82221938553,0.0,459065516.66790885,3
31,2,mMTC,433.0,433.0,420777.7362791648,0.0,65907271.80327702,3
31,3,eMBB,40000.0,40000.0,504706.2855345381,0.0,2390572449.284582,3
31,4,URLLC,800.0,800.0,548502.0179661575,0.0,15571072400.887222,3
31,5,mMTC,469.0,469.0,288479.4971601925,0.0,109857988.36116448,2
32,0,eMBB,40000.0,40000.0,555664.0526258769,0.0,21154567832.90881,3
32,1,URLLC,853.0,853.0,466140.82221938553,0.0,459065516.66790885,3
32,2,mMTC,464.0,464.0,420777.7362791648,0.0,65907271.80327702,3
32,3,eMBB,40000.0,40000.0,504706.2855345381,0.0,2390572449.284582,3
32,4,URLLC,903.0,903.0,548502.0179661575,0.0,15571072400.887222,3
32,5,mMTC,400.0,400.0,288479.4971601925,0.0,109857988.36116448,2
33,0,eMBB,40000.0,40000.0,555664.0526258769,0.0,21154567832.90881,3
33,1,URLLC,896.0,896.0,466140.82221938553,0.0,459065516.66790885,3
33,2,mMTC,447.0,447.0,420777.7362791648,0.0,65907271.80327702,3
33,3,eMBB,40000.0,40000.0,504706.2855345381,0.0,2390572449.284582,3
33,4,URLLC,921.0,921.0,548502.0179661575,0.0,15571072400.887222,3
33,5,mMTC,443.0,443.0,288479.4971601925,0.0,109857988.36116448,2
34,0,eMBB,40000.0,40000.0,555664.0526258769,0.0,21154567832.90881,3
34,1,URLLC,926.0,926.0,466140.82221938553,0.0,459065516.66790885,3
34,2,mMTC,441.0,441.0,420777.7362791648,0.0,65907271.80327702,3
34,3,eMBB,40000.0,40000.0,504706.2855345381,0.0,2390572449.284582,3
34,4,URLLC,858.0,858.0,548502.0179661575,0.0,15571072400.887222,3
34,5,mMTC,449.0,449.0,288479.4971601925,0.0,109857988.36116448,2
35,0,eMBB,40000.0,40000.0,555664.0526258769,0.0,21154567832.90881,3
35,1,URLLC,907.0,907.0,466140.82221938553,0.0,459065516.66790885,3
35,2,mMTC,450.0,450.0,420777.7362791648,0.0,65907271.80327702,3
35,3,eMBB,40000.0,40000.0,504706.2855345381,0.0,2390572449.284582,3
35,4,URLLC,886.0,886.0,548502.0179661575,0.0,15571072400.887222,3
35,5,mMTC,437.0,437.0,288479.4971601925,0.0,109857988.36116448,2
36,0,eMBB,40000.0,40000.0,555664.0526258769,0.0,21154567832.90881,3
36,1,URLLC,822.0,822.0,466140.82221938553,0.0,459065516.66790885,3
36,2,mMTC,472.0,472.0,420777.7362791648,0.0,65907271.80327702,3
36,3,eMBB,40000.0,40000.0,504706.2855345381,0.0,2390572449.284582,3
36,4,URLLC,891.0,891.0,548502.0179661575,0.0,15571072400.887222,3
36,5,mMTC,446.0,446.0,288479.4971601925,0.0,109857988.36116448,2
37,0,eMBB,40000.0,40000.0,555664.0526258769,0.0,21154567832.90881,3
37,1,URLLC,861.0,861.0,466140.82221938553,0.0,459065516.66790885,3
37,2,mMTC,440.0,440.0,420777.7362791648,0.0,65907271.80327702,3
37,3,eMBB,40000.0,40000.0,504706.2855345381,0.0,2390572449.284582,3
37,4,URLLC,905.0,905.0,548502.0179661575,0.0,15571072400.887222,3
37,5,mMTC,439.0,439.0,288479.4971601925,0.0,109857988.36116448,2
38,0,eMBB,40000.0,40000.0,555664.0526258769,0.0,21154567832.90881,3
38,1,URLLC,893.0,893.0,466140.82221938553,0.0,459065516.66790885,3
38,2,mMTC,456.0,456.0,420777.7362791648,0.0,65907271.80327702,3
38,3,eMBB,40000.0,40000.0,504706.2855345381,0.0,2390572449.284582,3
38,4,URLLC,838.0,838.0,548502.0179661575,0.0,15571072400.887222,3
38,5,mMTC,489.0,489.0,288479.4971601925,0.0,109857988.36116448,2
39,0,eMBB,40000.0,40000.0,555664.0526258769,0.0,21154567832.90881,3
39,1,URLLC,883.0,883.0,466140.82221938553,0.0,459065516.66790885,3
39,2,mMTC,444.0,444.0,420777.7362791648,0.0,65907271.80327702,3
39,3,eMBB,40000.0,40000.0,504706.2855345381,0.0,2390572449.284582,3
39,4,URLLC,954.0,954.0,548502.0179661575,0.0,15571072400.887222,3
39,5,mMTC,426.0,426.0,288479.4971601925,0.0,109857988.36116448,2
40,0,eMBB,40000.0,40000.0,555664.0526258769,0.0,21154567832.90881,3
40,1,URLLC,848.0,848.0,466140.82221938553,0.0,459065516.66790885,3
40,2,mMTC,413.0,413.0,420777.7362791648,0.0,65907271.80327702,3
40,3,eMBB,40000.0,40000.0,504706.2855345381,0.0,2390572449.284582,3
40,4,URLLC,838.0,838.0,548502.0179661575,0.0,15571072400.887222,3
40,5,mMTC,471.0,471.0,288479.4971601925,0.0,109857988.36116448,2
41,0,eMBB,40000.0,40000.0,555664.0526258769,0.0,21154567832.90881,3
41,1,URLLC,923.0,923.0,466140.82221938553,0.0,459065516.66790885,3
41,2,mMTC,417.0,417.0,420777.7362791648,0.0,65907271.80327702,3
41,3,eMBB,40000.0,40000.0,504706.2855345381,0.0,2390572449.284582,3
41,4,URLLC,904.0,904.0,548502.0179661575,0.0,15571072400.887222,3
41,5,mMTC,461.0,461.0,288479.4971601925,0.0,109857988.36116448,2
42,0,eMBB,40000.0,40000.0,555664.0526258769,0.0,21154567832.90881,3
42,1,URLLC,873.0,873.0,466140.82221938553,0.0,459065516.66790885,3
42,2,mMTC,463.0,463.0,420777.7362791648,0.0,65907271.80327702,3
42,3,eMBB,40000.0,40000.0,504706.2855345381,0.0,2390572449.284582,3
42,4,URLLC,882.0,882.0,548502.0179661575,0.0,15571072400.887222,3
42,5,mMTC,436.0,436.0,288479.4971601925,0.0,109857988.36116448,2
43,0,eMBB,40000.0,40000.0,555664.0526258769,0.0,21154567832.90881,3
43,1,URLLC,930.0,930.0,466140.82221938553,0.0,459065516.66790885,3
43,2,mMTC,463.0,463.0,420777.7362791648,0.0,65907271.80327702,3
43,3,eMBB,40000.0,40000.0,504706.2855345381,0.0,2390572449.284582,3
43,4,URLLC,848.0,848.0,548502.0179661575,0.0,15571072400.887222,3
43,5,mMTC,447.0,447.0,288479.4971601925,0.0,109857988.36116448,2
44,0,eMBB,40000.0,40000.0,555664.0526258769,0.0,21154567832.90881,3
44,1,URLLC,877.0,877.0,466140.82221938553,0.0,459065516.66790885,3
44,2,mMTC,440.0,440.0,420777.7362791648,0.0,65907271.80327702,3
44,3,eMBB,40000.0,40000.0,504706.2855345381,0.0,2390572449.284582,3
44,4,URLLC,940.0,940.0,548502.0179661575,0.0,15571072400.887222,3
44,5,mMTC,435.0,435.0,288479.4971601925,0.0,109857988.36116448,2
45,0,eMBB,40000.0,40000.0,555664.0526258769,0.0,21154567832.90881,3
45,1,URLLC,961.0,961.0,466140.82221938553,0.0,459065516.66790885,3
45,2,mMTC,454.0,454.0,420777.7362791648,0.0,65907271.80327702,3
45,3,eMBB,40000.0,40000.0,504706.2855345381,0.0,2390572449.284582,3
45,4,URLLC,874.0,874.0,548502.0179661575,0.0,15571072400.887222,3
45,5,mMTC,457.0,457.0,288479.4971601925,0.0,109857988.36116448,2
46,0,eMBB,40000.0,40000.0,555664.0526258769,0.0,21154567832.90881,3
46,1,URLLC,920.0,920.0,466140.82221938553,0.0,459065516.66790885,3
46,2,mMTC,413.0,413.0,420777.7362791648,0.0,65907271.80327702,3
46,3,eMBB,40000.0,40000.0,504706.2855345381,0.0,2390572449.284582,3
46,4,URLLC,831.0,831.0,548502.0179661575,0.0,15571072400.887222,3
46,5,mMTC,443.0,443.0,288479.4971601925,0.0,109857988.36116448,2
47,0,eMBB,40000.0,40000.0,555664.0526258769,0.0,21154567832.90881,3
47,1,URLLC,880.0,880.0,466140.82221938553,0.0,459065516.66790885,3
47,2,mMTC,420.0,420.0,420777.7362791648,0.0,65907271.80327702,3
47,3,eMBB,40000.0,40000.0,504706.2855345381,0.0,2390572449.284582,3
47,4,URLLC,903.0,903.0,548502.0179661575,0.0,15571072400.887222,3
47,5,mMTC,411.0,411.0,288479.4971601925,0.0,109857988.36116448,2
48,0,eMBB,40000.0,40000.0,555664.0526258769,0.0,21154567832.90881,3
48,1,URLLC,839.0,839.0,466140.82221938553,0.0,459065516.66790885,3
48,2,mMTC,459.0,459.0,420777.7362791648,0.0,65907271.80327702,3
48,3,eMBB,40000.0,40000.0,504706.2855345381,0.0,2390572449.284582,3
48,4,URLLC,882.0,882.0,548502.0179661575,0.0,15571072400.887222,3
48,5,mMTC,439.0,439.0,288479.4971601925,0.0,109857988.36116448,2
49,0,eMBB,40000.0,40000.0,555664.0526258769,0.0,21154567832.90881,3
49,1,URLLC,919.0,919.0,466140.82221938553,0.0,459065516.66790885,3
49,2,mMTC,442.0,442.0,420777.7362791648,0.0,65907271.80327702,3
49,3,eMBB,40000.0,40000.0,504706.2855345381,0.0,2390572449.284582,3
49,4,URLLC,850.0,850.0,548502.0179661575,0.0,15571072400.887222,3
49,5,mMTC,402.0,402.0,288479.4971601925,0.0,109857988.36116448,2
50,0,eMBB,40000.0,40000.0,555664.0526258769,0.0,21154567832.90881,3
50,1,URLLC,852.0,852.0,466140.82221938553,0.0,459065516.66790885,3
50,2,mMTC,462.0,462.0,420777.7362791648,0.0,65907271.80327702,3
50,3,eMBB,40000.0,40000.0,504706.2855345381,0.0,2390572449.284582,3
50,4,URLLC,973.0,973.0,548502.0179661575,0.0,15571072400.887222,3
50,5,mMTC,433.0,433.0,288479.4971601925,0.0,109857988.36116448,2
51,0,eMBB,40000.0,40000.0,555664.0526258769,0.0,21154567832.90881,3
51,1,URLLC,839.0,839.0,466140.82221938553,0.0,459065516.66790885,3
51,2,mMTC,454.0,454.0,420777.7362791648,0.0,65907271.80327702,3
51,3,eMBB,40000.0,40000.0,504706.2855345381,0.0,2390572449.284582,3
51,4,URLLC,889.0,889.0,548502.0179661575,0.0,15571072400.887222,3
51,5,mMTC,451.0,451.0,288479.4971601925,0.0,109857988.36116448,2
52,0,eMBB,40000.0,40000.0,555664.0526258769,0.0,21154567832.90881,3
52,1,URLLC,821.0,821.0,466140.82221938553,0.0,459065516.66790885,3
52,2,mMTC,444.0,444.0,420777.7362791648,0.0,65907271.80327702,3
52,3,eMBB,40000.0,40000.0,504706.2855345381,0.0,2390572449.284582,3
52,4,URLLC,873.0,873.0,548502.0179661575,0.0,15571072400.887222,3
52,5,mMTC,444.0,444.0,288479.4971601925,0.0,109857988.36116448,2
53,0,eMBB,40000.0,40000.0,555664.0526258769,0.0,21154567832.90881,3
53,1,URLLC,900.0,900.0,466140.82221938553,0.0,459065516.66790885,3
53,2,mMTC,459.0,459.0,420777.7362791648,0.0,65907271.80327702,3
53,3,eMBB,40000.0,40000.0,504706.2855345381,0.0,2390572449.284582,3
53,4,URLLC,876.0,876.0,548502.0179661575,0.0,15571072400.887222,3
53,5,mMTC,458.0,458.0,288479.4971601925,0.0,109857988.36116448,2
54,0,eMBB,40000.0,40000.0,555664.0526258769,0.0,21154567832.90881,3
54,1,URLLC,941.0,941.0,466140.82221938553,0.0,459065516.66790885,3
54,2,mMTC,494.0,494.0,420777.7362791648,0.0,65907271.80327702,3
54,3,eMBB,40000.0,40000.0,504706.2855345381,0.0,2390572449.284582,3
54,4,URLLC,903.0,903.0,548502.0179661575,0.0,15571072400.887222,3
54,5,mMTC,486.0,486.0,288479.4971601925,0.0,109857988.36116448,2
55,0,eMBB,40000.0,40000.0,555664.0526258769,0.0,21154567832.90881,3
55,1,URLLC,821.0,821.0,466140.82221938553,0.0,459065516.66790885,3
55,2,mMTC,439.0,439.0,420777.7362791648,0.0,65907271.80327702,3
55,3,eMBB,40000.0,40000.0,504706.2855345381,0.0,2390572449.284582,3
55,4,URLLC,901.0,901.0,548502.0179661575,0.0,15571072400.887222,3
55,5,mMTC,470.0,470.0,288479.4971601925,0.0,109857988.36116448,2
56,0,eMBB,40000.0,40000.0,555664.0526258769,0.0,21154567832.90881,3
56,1,URLLC,886.0,886.0,466140.82221938553,0.0,459065516.66790885,3
56,2,mMTC,471.0,471.0,420777.7362791648,0.0,65907271.80327702,3
56,3,eMBB,40000.0,40000.0,504706.2855345381,0.0,2390572449.284582,3
56,4,URLLC,889.0,889.0,548502.0179661575,0.0,15571072400.887222,3
56,5,mMTC,497.0,497.0,288479.4971601925,0.0,109857988.36116448,2
57,0,eMBB,40000.0,40000.0,555664.0526258769,0.0,21154567832.90881,3
57,1,URLLC,868.0,868.0,466140.82221938553,0.0,459065516.66790885,3
57,2,mMTC,454.0,454.0,420777.7362791648,0.0,65907271.80327702,3
57,3,eMBB,40000.0,40000.0,504706.2855345381,0.0,2390572449.284582,3
57,4,URLLC,851.0,851.0,548502.0179661575,0.0,15571072400.887222,3
57,5,mMTC,448.0,448.0,288479.4971601925,0.0,109857988.36116448,2
58,0,eMBB,40000.0,40000.0,555664.0526258769,0.0,21154567832.90881,3
58,1,URLLC,895.0,895.0,466140.82221938553,0.0,459065516.66790885,3
58,2,mMTC,449.0,449.0,420777.7362791648,0.0,65907271.80327702,3
58,3,eMBB,40000.0,40000.0,504706.2855345381,0.0,2390572449.284582,3
58,4,URLLC,933.0,933.0,548502.0179661575,0.0,15571072400.887222,3
58,5,mMTC,419.0,419.0,288479.4971601925,0.0,109857988.36116448,2
59,0,eMBB,40000.0,40000.0,555664.0526258769,0.0,21154567832.90881,3
59,1,URLLC,916.0,916.0,466140.82221938553,0.0,459065516.66790885,3
59,2,mMTC,459.0,459.0,420777.7362791648,0.0,65907271.80327702,3
59,3,eMBB,40000.0,40000.0,504706.2855345381,0.0,2390572449.284582,3
59,4,URLLC,855.0,855.0,548502.0179661575,0.0,15571072400.887222,3
59,5,mMTC,437.0,437.0,288479.4971601925,0.0,109857988.36116448,2
60,0,eMBB,40000.0,40000.0,555664.0526258769,0.0,21154567832.90881,3
60,1,URLLC,884.0,884.0,466140.82221938553,0.0,459065516.66790885,3
60,2,mMTC,479.0,479.0,420777.7362791648,0.0,65907271.80327702,3
60,3,eMBB,40000.0,40000.0,504706.2855345381,0.0,2390572449.284582,3
60,4,URLLC,894.0,894.0,548502.0179661575,0.0,15571072400.887222,3
60,5,mMTC,440.0,440.0,288479.4971601925,0.0,109857988.36116448,2
61,0,eMBB,40000.0,40000.0,555664.0526258769,0.0,21154567832.90881,3
61,1,URLLC,857.0,857.0,466140.82221938553,0.0,459065516.66790885,3
61,2,mMTC,446.0,446.0,420777.7362791648,0.0,65907271.80327702,3
61,3,eMBB,40000.0,40000.0,504706.2855345381,0.0,2390572449.284582,3
61,4,URLLC,889.0,889.0,548502.0179661575,0.0,15571072400.887222,3
61,5,mMTC,446.0,446.0,288479.4971601925,0.0,109857988.36116448,2
62,0,eMBB,40000.0,40000.0,555664.0526258769,0.0,21154567832.90881,3
62,1,URLLC,904.0,904.0,466140.82221938553,0.0,459065516.66790885,3
62,2,mMTC,409.0,409.0,420777.7362791648,0.0,65907271.80327702,3
62,3,eMBB,40000.0,40000.0,504706.2855345381,0.0,2390572449.284582,3
62,4,URLLC,854.0,854.0,548502.0179661575,0.0,15571072400.887222,3
62,5,mMTC,420.0,420.0,288479.4971601925,0.0,109857988.36116448,2
63,0,eMBB,40000.0,40000.0,555664.0526258769,0.0,21154567832.90881,3
63,1,URLLC,862.0,862.0,466140.82221938553,0.0,459065516.66790885,3
63,2,mMTC,478.0,478.0,420777.7362791648,0.0,65907271.80327702,3
63,3,eMBB,40000.0,40000.0,504706.2855345381,0.0,2390572449.284582,3
63,4,URLLC,908.0,908.0,548502.0179661575,0.0,15571072400.887222,3
63,5,mMTC,425.0,425.0,288479.4971601925,0.0,109857988.36116448,2
64,0,eMBB,40000.0,40000.0,555664.0526258769,0.0,21154567832.90881,3
64,1,URLLC,860.0,860.0,466140.82221938553,0.0,459065516.66790885,3
64,2,mMTC,424.0,424.0,420777.7362791648,0.0,65907271.80327702,3
64,3,eMBB,40000.0,40000.0,504706.2855345381,0.0,2390572449.284582,3
64,4,URLLC,852.0,852.0,548502.0179661575,0.0,15571072400.887222,3
64,5,mMTC,427.0,427.0,288479.4971601925,0.0,109857988.36116448,2
65,0,eMBB,40000.0,40000.0,555664.0526258769,0.0,21154567832.90881,3
65,1,URLLC,893.0,893.0,466140.82221938553,0.0,459065516.66790885,3
65,2,mMTC,454.0,454.0,420777.7362791648,0.0,65907271.80327702,3
65,3,eMBB,40000.0,40000.0,504706.2855345381,0.0,2390572449.284582,3
65,4,URLLC,932.0,932.0,548502.0179661575,0.0,15571072400.887222,3
65,5,mMTC,404.0,404.0,288479.4971601925,0.0,109857988.36116448,2
66,0,eMBB,40000.0,40000.0,555664.0526258769,0.0,21154567832.90881,3
66,1,URLLC,922.0,922.0,466140.82221938553,0.0,459065516.66790885,3
66,2,mMTC,425.0,425.0,420777.7362791648,0.0,65907271.80327702,3
66,3,eMBB,40000.0,40000.0,504706.2855345381,0.0,2390572449.284582,3
66,4,URLLC,882.0,882.0,548502.0179661575,0.0,15571072400.887222,3
66,5,mMTC,454.0,454.0,288479.4971601925,0.0,109857988.36116448,2
67,0,eMBB,40000.0,40000.0,555664.0526258769,0.0,21154567832.90881,3
67,1,URLLC,890.0,890.0,466140.82221938553,0.0,459065516.66790885,3
67,2,mMTC,389.0,389.0,420777.7362791648,0.0,65907271.80327702,3
67,3,eMBB,40000.0,40000.0,504706.2855345381,0.0,2390572449.284582,3
67,4,URLLC,912.0,912.0,548502.0179661575,0.0,15571072400.887222,3
67,5,mMTC,447.0,447.0,288479.4971601925,0.0,109857988.36116448,2
68,0,eMBB,40000.0,40000.0,555664.0526258769,0.0,21154567832.90881,3
68,1,URLLC,849.0,849.0,466140.82221938553,0.0,459065516.66790885,3
68,2,mMTC,448.0,448.0,420777.7362791648,0.0,65907271.80327702,3
68,3,eMBB,40000.0,40000.0,504706.2855345381,0.0,2390572449.284582,3
68,4,URLLC,872.0,872.0,548502.0179661575,0.0,15571072400.887222,3
68,5,mMTC,427.0,427.0,288479.4971601925,0.0,109857988.36116448,2
69,0,eMBB,40000.0,40000.0,555664.0526258769,0.0,21154567832.90881,3
69,1,URLLC,852.0,852.0,466140.82221938553,0.0,459065516.66790885,3
69,2,mMTC,452.0,452.0,420777.7362791648,0.0,65907271.80327702,3
69,3,eMBB,40000.0,40000.0,504706.2855345381,0.0,2390572449.284582,3
69,4,URLLC,920.0,920.0,548502.0179661575,0.0,15571072400.887222,3
69,5,mMTC,412.0,412.0,288479.4971601925,0.0,109857988.36116448,2
70,0,eMBB,40000.0,40000.0,555664.0526258769,0.0,21154567832.90881,3
70,1,URLLC,900.0,900.0,466140.82221938553,0.0,459065516.66790885,3
70,2,mMTC,442.0,442.0,420777.7362791648,0.0,65907271.80327702,3
70,3,eMBB,40000.0,40000.0,504706.2855345381,0.0,2390572449.284582,3
70,4,URLLC,873.0,873.0,548502.0179661575,0.0,15571072400.887222,3
70,5,mMTC,455.0,455.0,288479.4971601925,0.0,109857988.36116448,2
71,0,eMBB,40000.0,40000.0,555664.0526258769,0.0,21154567832.90881,3
71,1,URLLC,902.0,902.0,466140.82221938553,0.0,459065516.66790885,3
71,2,mMTC,415.0,415.0,420777.7362791648,0.0,65907271.80327702,3
71,3,eMBB,40000.0,40000.0,504706.2855345381,0.0,2390572449.284582,3
71,4,URLLC,870.0,870.0,548502.0179661575,0.0,15571072400.887222,3
71,5,mMTC,425.0,425.0,288479.4971601925,0.0,109857988.36116448,2
72,0,eMBB,40000.0,40000.0,555664.0526258769,0.0,21154567832.90881,3
72,1,URLLC,861.0,861.0,466140.82221938553,0.0,459065516.66790885,3
72,2,mMTC,410.0,410.0,420777.7362791648,0.0,65907271.80327702,3
72,3,eMBB,40000.0,40000.0,504706.2855345381,0.0,2390572449.284582,3
72,4,URLLC,885.0,885.0,548502.0179661575,0.0,15571072400.887222,3
72,5,mMTC,416.0,416.0,288479.4971601925,0.0,109857988.36116448,2
73,0,eMBB,40000.0,40000.0,555664.0526258769,0.0,21154567832.90881,3
73,1,URLLC,923.0,923.0,466140.82221938553,0.0,459065516.66790885,3
73,2,mMTC,423.0,423.0,420777.7362791648,0.0,65907271.80327702,3
73,3,eMBB,40000.0,40000.0,504706.2855345381,0.0,2390572449.284582,3
73,4,URLLC,948.0,948.0,548502.0179661575,0.0,15571072400.887222,3
73,5,mMTC,451.0,451.0,288479.4971601925,0.0,109857988.36116448,2
74,0,eMBB,40000.0,40000.0,555664.0526258769,0.0,21154567832.90881,3
74,1,URLLC,918.0,918.0,466140.82221938553,0.0,459065516.66790885,3
74,2,mMTC,435.0,435.0,420777.7362791648,0.0,65907271.80327702,3
74,3,eMBB,40000.0,40000.0,504706.2855345381,0.0,2390572449.284582,3
74,4,URLLC,893.0,893.0,548502.0179661575,0.0,15571072400.887222,3
74,5,mMTC,417.0,417.0,288479.4971601925,0.0,109857988.36116448,2
75,0,eMBB,40000.0,40000.0,555664.0526258769,0.0,21154567832.90881,3
75,1,URLLC,874.0,874.0,466140.82221938553,0.0,459065516.66790885,3
75,2,mMTC,422.0,422.0,420777.7362791648,0.0,65907271.80327702,3
75,3,eMBB,40000.0,40000.0,504706.2855345381,0.0,2390572449.284582,3
75,4,URLLC,896.0,896.0,548502.0179661575,0.0,15571072400.887222,3
75,5,mMTC,436.0,436.0,288479.4971601925,0.0,109857988.36116448,2
76,0,eMBB,40000.0,40000.0,555664.0526258769,0.0,21154567832.90881,3
76,1,URLLC,877.0,877.0,466140.82221938553,0.0,459065516.66790885,3
76,2,mMTC,430.0,430.0,420777.7362791648,0.0,65907271.80327702,3
76,3,eMBB,40000.0,40000.0,504706.2855345381,0.0,2390572449.284582,3
76,4,URLLC,917.0,917.0,548502.0179661575,0.0,15571072400.887222,3
76,5,mMTC,445.0,445.0,288479.4971601925,0.0,109857988.36116448,2
77,0,eMBB,40000.0,40000.0,555664.0526258769,0.0,21154567832.90881,3
77,1,URLLC,880.0,880.0,466140.82221938553,0.0,459065516.66790885,3
77,2,mMTC,418.0,418.0,420777.7362791648,0.0,65907271.80327702,3
77,3,eMBB,40000.0,40000.0,504706.2855345381,0.0,2390572449.284582,3
77,4,URLLC,953.0,953.0,548502.0179661575,0.0,15571072400.887222,3
77,5,mMTC,406.0,406.0,288479.4971601925,0.0,109857988.36116448,2
78,0,eMBB,40000.0,40000.0,555664.0526258769,0.0,21154567832.90881,3
78,1,URLLC,899.0,899.0,466140.82221938553,0.0,459065516.66790885,3
78,2,mMTC,420.0,420.0,420777.7362791648,0.0,65907271.80327702,3
78,3,eMBB,40000.0,40000.0,504706.2855345381,0.0,2390572449.284582,3
78,4,URLLC,865.0,865.0,548502.0179661575,0.0,15571072400.887222,3
78,5,mMTC,423.0,423.0,288479.4971601925,0.0,109857988.36116448,2
79,0,eMBB,40000.0,40000.0,555664.0526258769,0.0,21154567832.90881,3
79,1,URLLC,907.0,907.0,466140.82221938553,0.0,459065516.66790885,3
79,2,mMTC,438.0,438.0,420777.7362791648,0.0,65907271.80327702,3
79,3,eMBB,40000.0,40000.0,504706.2855345381,0.0,2390572449.284582,3
79,4,URLLC,884.0,884.0,548502.0179661575,0.0,15571072400.887222,3
79,5,mMTC,443.0,443.0,288479.4971601925,0.0,109857988.36116448,2
80,0,eMBB,40000.0,40000.0,555664.0526258769,0.0,21154567832.90881,3
80,1,URLLC,890.0,890.0,466140.82221938553,0.0,459065516.66790885,3
80,2,mMTC,462.0,462.0,420777.7362791648,0.0,65907271.80327702,3
80,3,eMBB,40000.0,40000.0,504706.2855345381,0.0,2390572449.284582,3
80,4,URLLC,868.0,868.0,548502.0179661575,0.0,15571072400.887222,3
80,5,mMTC,439.0,439.0,288479.4971601925,0.0,109857988.36116448,2
81,0,eMBB,40000.0,40000.0,555664.0526258769,0.0,21154567832.90881,3
81,1,URLLC,940.0,940.0,466140.82221938553,0.0,459065516.66790885,3
81,2,mMTC,417.0,417.0,420777.7362791648,0.0,65907271.80327702,3
81,3,eMBB,40000.0,40000.0,504706.2855345381,0.0,2390572449.284582,3
81,4,URLLC,904.0,904.0,548502.0179661575,0.0,15571072400.887222,3
81,5,mMTC,420.0,420.0,288479.4971601925,0.0,109857988.36116448,2
82,0,eMBB,40000.0,40000.0,555664.0526258769,0.0,21154567832.90881,3
82,1,URLLC,903.0,903.0,466140.82221938553,0.0,459065516.66790885,3
82,2,mMTC,477.0,477.0,420777.7362791648,0.0,65907271.80327702,3
82,3,eMBB,40000.0,40000.0,504706.2855345381,0.0,2390572449.284582,3
82,4,URLLC,858.0,858.0,548502.0179661575,0.0,15571072400.887222,3
82,5,mMTC,430.0,430.0,288479.4971601925,0.0,109857988.36116448,2
83,0,eMBB,40000.0,40000.0,555664.0526258769,0.0,21154567832.90881,3
83,1,URLLC,917.0,917.0,466140.82221938553,0.0,459065516.66790885,3
83,2,mMTC,437.0,437.0,420777.7362791648,0.0,65907271.80327702,3
83,3,eMBB,40000.0,40000.0,504706.2855345381,0.0,2390572449.284582,3
83,4,URLLC,850.0,850.0,548502.0179661575,0.0,15571072400.887222,3
83,5,mMTC,419.0,419.0,288479.4971601925,0.0,109857988.36116448,2
84,0,eMBB,40000.0,40000.0,555664.0526258769,0.0,21154567832.90881,3
84,1,URLLC,921.0,921.0,466140.82221938553,0.0,459065516.66790885,3
84,2,mMTC,429.0,429.0,420777.7362791648,0.0,65907271.80327702,3
84,3,eMBB,40000.0,40000.0,504706.2855345381,0.0,2390572449.284582,3
84,4,URLLC,913.0,913.0,548502.0179661575,0.0,15571072400.887222,3
84,5,mMTC,459.0,459.0,288479.4971601925,0.0,109857988.36116448,2
85,0,eMBB,40000.0,40000.0,555664.0526258769,0.0,21154567832.90881,3
85,1,URLLC,870.0,870.0,466140.82221938553,0.0,459065516.66790885,3
85,2,mMTC,451.0,451.0,420777.7362791648,0.0,65907271.80327702,3
85,3,eMBB,40000.0,40000.0,504706.2855345381,0.0,2390572449.284582,3
85,4,URLLC,890.0,890.0,548502.0179661575,0.0,15571072400.887222,3
85,5,mMTC,422.0,422.0,288479.4971601925,0.0,109857988.36116448,2
86,0,eMBB,40000.0,40000.0,555664.0526258769,0.0,21154567832.90881,3
86,1,URLLC,893.0,893.0,466140.82221938553,0.0,459065516.66790885,3
86,2,mMTC,486.0,486.0,420777.7362791648,0.0,65907271.80327702,3
86,3,eMBB,40000.0,40000.0,504706.2855345381,0.0,2390572449.284582,3
86,4,URLLC,910.0,910.0,548502.0179661575,0.0,15571072400.887222,3
86,5,mMTC,459.0,459.0,288479.4971601925,0.0,109857988.36116448,2
87,0,eMBB,40000.0,40000.0,555664.0526258769,0.0,21154567832.90881,3
87,1,URLLC,899.0,899.0,466140.82221938553,0.0,459065516.66790885,3
87,2,mMTC,442.0,442.0,420777.7362791648,0.0,65907271.80327702,3
87,3,eMBB,40000.0,40000.0,504706.2855345381,0.0,2390572449.284582,3
87,4,URLLC,950.0,950.0,548502.0179661575,0.0,15571072400.887222,3
87,5,mMTC,443.0,443.0,288479.4971601925,0.0,109857988.36116448,2
88,0,eMBB,40000.0,40000.0,555664.0526258769,0.0,21154567832.90881,3
88,1,URLLC,853.0,853.0,466140.82221938553,0.0,459065516.66790885,3
88,2,mMTC,474.0,474.0,420777.7362791648,0.0,65907271.80327702,3
88,3,eMBB,40000.0,40000.0,504706.2855345381,0.0,2390572449.284582,3
88,4,URLLC,901.0,901.0,548502.0179661575,0.0,15571072400.887222,3
88,5,mMTC,401.0,401.0,288479.4971601925,0.0,109857988.36116448,2
89,0,eMBB,40000.0,40000.0,555664.0526258769,0.0,21154567832.90881,3
89,1,URLLC,922.0,922.0,466140.82221938553,0.0,459065516.66790885,3
89,2,mMTC,436.0,436.0,420777.7362791648,0.0,65907271.80327702,3
89,3,eMBB,40000.0,40000.0,504706.2855345381,0.0,2390572449.284582,3
89,4,URLLC,896.0,896.0,548502.0179661575,0.0,15571072400.887222,3
89,5,mMTC,437.0,437.0,288479.4971601925,0.0,109857988.36116448,2
90,0,eMBB,40000.0,40000.0,555664.0526258769,0.0,21154567832.90881,3
90,1,URLLC,914.0,914.0,466140.82221938553,0.0,459065516.66790885,3
90,2,mMTC,428.0,428.0,420777.7362791648,0.0,65907271.80327702,3
90,3,eMBB,40000.0,40000.0,504706.2855345381,0.0,2390572449.284582,3
90,4,URLLC,856.0,856.0,548502.0179661575,0.0,15571072400.887222,3
90,5,mMTC,446.0,446.0,288479.4971601925,0.0,109857988.36116448,2
91,0,eMBB,40000.0,40000.0,555664.0526258769,0.0,21154567832.90881,3
91,1,URLLC,943.0,943.0,466140.82221938553,0.0,459065516.66790885,3
91,2,mMTC,451.0,451.0,420777.7362791648,0.0,65907271.80327702,3
91,3,eMBB,40000.0,40000.0,504706.2855345381,0.0,2390572449.284582,3
91,4,URLLC,857.0,857.0,548502.0179661575,0.0,15571072400.887222,3
91,5,mMTC,446.0,446.0,288479.4971601925,0.0,109857988.36116448,2
92,0,eMBB,40000.0,40000.0,555664.0526258769,0.0,21154567832.90881,3
92,1,URLLC,836.0,836.0,466140.82221938553,0.0,459065516.66790885,3
92,2,mMTC,427.0,427.0,420777.7362791648,0.0,65907271.80327702,3
92,3,eMBB,40000.0,40000.0,504706.2855345381,0.0,2390572449.284582,3
92,4,URLLC,865.0,865.0,548502.0179661575,0.0,15571072400.887222,3
92,5,mMTC,450.0,450.0,288479.4971601925,0.0,109857988.36116448,2
93,0,eMBB,40000.0,40000.0,555664.0526258769,0.0,21154567832.90881,3
93,1,URLLC,918.0,918.0,466140.82221938553,0.0,459065516.66790885,3
93,2,mMTC,448.0,448.0,420777.7362791648,0.0,65907271.80327702,3
93,3,eMBB,40000.0,40000.0,504706.2855345381,0.0,2390572449.284582,3
93,4,URLLC,884.0,884.0,548502.0179661575,0.0,15571072400.887222,3
93,5,mMTC,422.0,422.0,288479.4971601925,0.0,109857988.36116448,2
94,0,eMBB,40000.0,40000.0,555664.0526258769,0.0,21154567832.90881,3
94,1,URLLC,882.0,882.0,466140.82221938553,0.0,459065516.66790885,3
94,2,mMTC,455.0,455.0,420777.7362791648,0.0,65907271.80327702,3
94,3,eMBB,40000.0,40000.0,504706.2855345381,0.0,2390572449.284582,3
94,4,URLLC,912.0,912.0,548502.0179661575,0.0,15571072400.887222,3
94,5,mMTC,429.0,429.0,288479.4971601925,0.0,109857988.36116448,2
95,0,eMBB,40000.0,40000.0,555664.0526258769,0.0,21154567832.90881,3
95,1,URLLC,921.0,921.0,466140.82221938553,0.0,459065516.66790885,3
95,2,mMTC,456.0,456.0,420777.7362791648,0.0,65907271.80327702,3
95,3,eMBB,40000.0,40000.0,504706.2855345381,0.0,2390572449.284582,3
95,4,URLLC,847.0,847.0,548502.0179661575,0.0,15571072400.887222,3
95,5,mMTC,460.0,460.0,288479.4971601925,0.0,109857988.36116448,2
96,0,eMBB,40000.0,40000.0,555664.0526258769,0.0,21154567832.90881,3
96,1,URLLC,925.0,925.0,466140.82221938553,0.0,459065516.66790885,3
96,2,mMTC,457.0,457.0,420777.7362791648,0.0,65907271.80327702,3
96,3,eMBB,40000.0,40000.0,504706.2855345381,0.0,2390572449.284582,3
96,4,URLLC,874.0,874.0,548502.0179661575,0.0,15571072400.887222,3
96,5,mMTC,427.0,427.0,288479.4971601925,0.0,109857988.36116448,2
97,0,eMBB,40000.0,40000.0,555664.0526258769,0.0,21154567832.90881,3
97,1,URLLC,862.0,862.0,466140.82221938553,0.0,459065516.66790885,3
97,2,mMTC,442.0,442.0,420777.7362791648,0.0,65907271.80327702,3
97,3,eMBB,40000.0,40000.0,504706.2855345381,0.0,2390572449.284582,3
97,4,URLLC,924.0,924.0,548502.0179661575,0.0,15571072400.887222,3
97,5,mMTC,431.0,431.0,288479.4971601925,0.0,109857988.36116448,2
98,0,eMBB,40000.0,40000.0,555664.0526258769,0.0,21154567832.90881,3
98,1,URLLC,901.0,901.0,466140.82221938553,0.0,459065516.66790885,3
98,2,mMTC,454.0,454.0,420777.7362791648,0.0,65907271.80327702,3
98,3,eMBB,40000.0,40000.0,504706.2855345381,0.0,2390572449.284582,3
98,4,URLLC,897.0,897.0,548502.0179661575,0.0,15571072400.887222,3
98,5,mMTC,464.0,464.0,288479.4971601925,0.0,109857988.36116448,2
99,0,eMBB,40000.0,40000.0,555664.0526258769,0.0,21154567832.90881,3
99,1,URLLC,931.0,931.0,466140.82221938553,0.0,459065516.66790885,3
99,2,mMTC,477.0,477.0,420777.7362791648,0.0,65907271.80327702,3
99,3,eMBB,40000.0,40000.0,504706.2855345381,0.0,2390572449.284582,3
99,4,URLLC,886.0,886.0,548502.0179661575,0.0,15571072400.887222,3
99,5,mMTC,432.0,432.0,288479.4971601925,0.0,109857988.36116448,2
100,0,eMBB,40000.0,40000.0,555664.0526258769,0.0,21154567832.90881,3
100,1,URLLC,904.0,904.0,466140.82221938553,0.0,459065516.66790885,3
100,2,mMTC,420.0,420.0,420777.7362791648,0.0,65907271.80327702,3
100,3,eMBB,40000.0,40000.0,504706.2855345381,0.0,2390572449.284582,3
100,4,URLLC,861.0,861.0,548502.0179661575,0.0,15571072400.887222,3
100,5,mMTC,417.0,417.0,288479.4971601925,0.0,109857988.36116448,2
101,0,eMBB,40000.0,40000.0,555664.0526258769,0.0,21154567832.90881,3
101,1,URLLC,873.0,873.0,466140.82221938553,0.0,459065516.66790885,3
101,2,mMTC,456.0,456.0,420777.7362791648,0.0,65907271.80327702,3
101,3,eMBB,40000.0,40000.0,504706.2855345381,0.0,2390572449.284582,3
101,4,URLLC,865.0,865.0,548502.0179661575,0.0,15571072400.887222,3
101,5,mMTC,420.0,420.0,288479.4971601925,0.0,109857988.36116448,2
102,0,eMBB,40000.0,40000.0,555664.0526258769,0.0,21154567832.90881,3
102,1,URLLC,932.0,932.0,466140.82221938553,0.0,459065516.66790885,3
102,2,mMTC,452.0,452.0,420777.7362791648,0.0,65907271.80327702,3
102,3,eMBB,40000.0,40000.0,504706.2855345381,0.0,2390572449.284582,3
102,4,URLLC,886.0,886.0,548502.0179661575,0.0,15571072400.887222,3
102,5,mMTC,447.0,447.0,288479.4971601925,0.0,109857988.36116448,2
103,0,eMBB,40000.0,40000.0,555664.0526258769,0.0,21154567832.90881,3
103,1,URLLC,860.0,860.0,466140.82221938553,0.0,459065516.66790885,3
103,2,mMTC,411.0,411.0,420777.7362791648,0.0,65907271.80327702,3
103,3,eMBB,40000.0,40000.0,504706.2855345381,0.0,2390572449.284582,3
103,4,URLLC,870.0,870.0,548502.0179661575,0.0,15571072400.887222,3
103,5,mMTC,433.0,433.0,288479.4971601925,0.0,109857988.36116448,2
104,0,eMBB,40000.0,40000.0,555664.0526258769,0.0,21154567832.90881,3
104,1,URLLC,912.0,912.0,466140.82221938553,0.0,459065516.66790885,3
104,2,mMTC,450.0,450.0,420777.7362791648,0.0,65907271.80327702,3
104,3,eMBB,40000.0,40000.0,504706.2855345381,0.0,2390572449.284582,3
104,4,URLLC,907.0,907.0,548502.0179661575,0.0,15571072400.887222,3
104,5,mMTC,461.0,461.0,288479.4971601925,0.0,109857988.36116448,2
105,0,eMBB,40000.0,40000.0,555664.0526258769,0.0,21154567832.90881,3
105,1,URLLC,901.0,901.0,466140.82221938553,0.0,459065516.66790885,3
105,2,mMTC,446.0,446.0,420777.7362791648,0.0,65907271.80327702,3
105,3,eMBB,40000.0,40000.0,504706.2855345381,0.0,2390572449.284582,3
105,4,URLLC,878.0,878.0,548502.0179661575,0.0,15571072400.887222,3
105,5,mMTC,415.0,415.0,288479.4971601925,0.0,109857988.36116448,2
106,0,eMBB,40000.0,40000.0,555664.0526258769,0.0,21154567832.90881,3
106,1,URLLC,913.0,913.0,466140.82221938553,0.0,459065516.66790885,3
106,2,mMTC,458.0,458.0,420777.7362791648,0.0,65907271.80327702,3
106,3,eMBB,40000.0,40000.0,504706.2855345381,0.0,2390572449.284582,3
106,4,URLLC,870.0,870.0,548502.0179661575,0.0,15571072400.887222,3
106,5,mMTC,466.0,466.0,288479.4971601925,0.0,109857988.36116448,2
107,0,eMBB,40000.0,40000.0,555664.0526258769,0.0,21154567832.90881,3
107,1,URLLC,872.0,872.0,466140.82221938553,0.0,459065516.66790885,3
107,2,mMTC,438.0,438.0,420777.7362791648,0.0,65907271.80327702,3
107,3,eMBB,40000.0,40000.0,504706.2855345381,0.0,2390572449.284582,3
107,4,URLLC,943.0,943.0,548502.0179661575,0.0,15571072400.887222,3
107,5,mMTC,494.0,494.0,288479.4971601925,0.0,109857988.36116448,2
108,0,eMBB,40000.0,40000.0,555664.0526258769,0.0,21154567832.90881,3
108,1,URLLC,862.0,862.0,466140.82221938553,0.0,459065516.66790885,3
108,2,mMTC,474.0,474.0,420777.7362791648,0.0,65907271.80327702,3
108,3,eMBB,40000.0,40000.0,504706.2855345381,0.0,2390572449.284582,3
108,4,URLLC,922.0,922.0,548502.0179661575,0.0,15571072400.887222,3
108,5,mMTC,458.0,458.0,288479.4971601925,0.0,109857988.36116448,2
109,0,eMBB,40000.0,40000.0,555664.0526258769,0.0,21154567832.90881,3
109,1,URLLC,870.0,870.0,466140.82221938553,0.0,459065516.66790885,3
109,2,mMTC,491.0,491.0,420777.7362791648,0.0,65907271.80327702,3
109,3,eMBB,40000.0,40000.0,504706.2855345381,0.0,2390572449.284582,3
109,4,URLLC,911.0,911.0,548502.0179661575,0.0,15571072400.887222,3
109,5,mMTC,424.0,424.0,288479.4971601925,0.0,109857988.36116448,2
110,0,eMBB,40000.0,40000.0,555664.0526258769,0.0,21154567832.90881,3
110,1,URLLC,943.0,943.0,466140.82221938553,0.0,459065516.66790885,3
110,2,mMTC,459.0,459.0,420777.7362791648,0.0,65907271.80327702,3
110,3,eMBB,40000.0,40000.0,504706.2855345381,0.0,2390572449.284582,3
110,4,URLLC,956.0,956.0,548502.0179661575,0.0,15571072400.887222,3
110,5,mMTC,473.0,473.0,288479.4971601925,0.0,109857988.36116448,2
111,0,eMBB,40000.0,40000.0,555664.0526258769,0.0,21154567832.90881,3
111,1,URLLC,877.0,877.0,466140.82221938553,0.0,459065516.66790885,3
111,2,mMTC,429.0,429.0,420777.7362791648,0.0,65907271.80327702,3
111,3,eMBB,40000.0,40000.0,504706.2855345381,0.0,2390572449.284582,3
111,4,URLLC,840.0,840.0,548502.0179661575,0.0,15571072400.887222,3
111,5,mMTC,436.0,436.0,288479.4971601925,0.0,109857988.36116448,2
112,0,eMBB,40000.0,40000.0,555664.0526258769,0.0,21154567832.90881,3
112,1,URLLC,835.0,835.0,466140.82221938553,0.0,459065516.66790885,3
112,2,mMTC,449.0,449.0,420777.7362791648,0.0,65907271.80327702,3
112,3,eMBB,40000.0,40000.0,504706.2855345381,0.0,2390572449.284582,3
112,4,URLLC,877.0,877.0,548502.0179661575,0.0,15571072400.887222,3
112,5,mMTC,476.0,476.0,288479.4971601925,0.0,109857988.36116448,2
113,0,eMBB,40000.0,40000.0,555664.0526258769,0.0,21154567832.90881,3
113,1,URLLC,868.0,868.0,466140.82221938553,0.0,459065516.66790885,3
113,2,mMTC,474.0,474.0,420777.7362791648,0.0,65907271.80327702,3
113,3,eMBB,40000.0,40000.0,504706.2855345381,0.0,2390572449.284582,3
113,4,URLLC,933.0,933.0,548502.0179661575,0.0,15571072400.887222,3
113,5,mMTC,489.0,489.0,288479.4971601925,0.0,109857988.36116448,2
114,0,eMBB,40000.0,40000.0,555664.0526258769,0.0,21154567832.90881,3
114,1,URLLC,918.0,918.0,466140.82221938553,0.0,459065516.66790885,3
114,2,mMTC,445.0,445.0,420777.7362791648,0.0,65907271.80327702,3
114,3,eMBB,40000.0,40000.0,504706.2855345381,0.0,2390572449.284582,3
114,4,URLLC,918.0,918.0,548502.0179661575,0.0,15571072400.887222,3
114,5,mMTC,442.0,442.0,288479.4971601925,0.0,109857988.36116448,2
115,0,eMBB,40000.0,40000.0,555664.0526258769,0.0,21154567832.90881,3
115,1,URLLC,869.0,869.0,466140.82221938553,0.0,459065516.66790885,3
115,2,mMTC,437.0,437.0,420777.7362791648,0.0,65907271.80327702,3
115,3,eMBB,40000.0,40000.0,504706.2855345381,0.0,2390572449.284582,3
115,4,URLLC,875.0,875.0,548502.0179661575,0.0,15571072400.887222,3
115,5,mMTC,393.0,393.0,288479.4971601925,0.0,109857988.36116448,2
116,0,eMBB,40000.0,40000.0,555664.0526258769,0.0,21154567832.90881,3
116,1,URLLC,883.0,883.0,466140.82221938553,0.0,459065516.66790885,3
116,2,mMTC,465.0,465.0,420777.7362791648,0.0,65907271.80327702,3
116,3,eMBB,40000.0,40000.0,504706.2855345381,0.0,2390572449.284582,3
116,4,URLLC,886.0,886.0,548502.0179661575,0.0,15571072400.887222,3
116,5,mMTC,491.0,491.0,288479.4971601925,0.0,109857988.36116448,2
117,0,eMBB,40000.0,40000.0,555664.0526258769,0.0,21154567832.90881,3
117,1,URLLC,903.0,903.0,466140.82221938553,0.0,459065516.66790885,3
117,2,mMTC,490.0,490.0,420777.7362791648,0.0,65907271.80327702,3
117,3,eMBB,40000.0,40000.0,504706.2855345381,0.0,2390572449.284582,3
117,4,URLLC,902.0,902.0,548502.0179661575,0.0,15571072400.887222,3
117,5,mMTC,429.0,429.0,288479.4971601925,0.0,109857988.36116448,2
118,0,eMBB,40000.0,40000.0,555664.0526258769,0.0,21154567832.90881,3
118,1,URLLC,867.0,867.0,466140.82221938553,0.0,459065516.66790885,3
118,2,mMTC,465.0,465.0,420777.7362791648,0.0,65907271.80327702,3
118,3,eMBB,40000.0,40000.0,504706.2855345381,0.0,2390572449.284582,3
118,4,URLLC,934.0,934.0,548502.0179661575,0.0,15571072400.887222,3
118,5,mMTC,440.0,440.0,288479.4971601925,0.0,109857988.36116448,2
119,0,eMBB,40000.0,40000.0,555664.0526258769,0.0,21154567832.90881,3
119,1,URLLC,910.0,910.0,466140.82221938553,0.0,459065516.66790885,3
119,2,mMTC,468.0,468.0,420777.7362791648,0.0,65907271.80327702,3
119,3,eMBB,40000.0,40000.0,504706.2855345381,0.0,2390572449.284582,3
119,4,URLLC,867.0,867.0,548502.0179661575,0.0,15571072400.887222,3
119,5,mMTC,452.0,452.0,288479.4971601925,0.0,109857988.36116448,2
120,0,eMBB,40000.0,40000.0,555664.0526258769,0.0,21154567832.90881,3
120,1,URLLC,845.0,845.0,466140.82221938553,0.0,459065516.66790885,3
120,2,mMTC,431.0,431.0,420777.7362791648,0.0,65907271.80327702,3
120,3,eMBB,40000.0,40000.0,504706.2855345381,0.0,2390572449.284582,3
120,4,URLLC,935.0,935.0,548502.0179661575,0.0,15571072400.887222,3
120,5,mMTC,473.0,473.0,288479.4971601925,0.0,109857988.36116448,2
121,0,eMBB,40000.0,40000.0,555664.0526258769,0.0,21154567832.90881,3
121,1,URLLC,906.0,906.0,466140.82221938553,0.0,459065516.66790885,3
121,2,mMTC,412.0,412.0,420777.7362791648,0.0,65907271.80327702,3
121,3,eMBB,40000.0,40000.0,504706.2855345381,0.0,2390572449.284582,3
121,4,URLLC,882.0,882.0,548502.0179661575,0.0,15571072400.887222,3
121,5,mMTC,461.0,461.0,288479.4971601925,0.0,109857988.36116448,2
122,0,eMBB,40000.0,40000.0,555664.0526258769,0.0,21154567832.90881,3
122,1,URLLC,842.0,842.0,466140.82221938553,0.0,459065516.66790885,3
122,2,mMTC,458.0,458.0,420777.7362791648,0.0,65907271.80327702,3
122,3,eMBB,40000.0,40000.0,504706.2855345381,0.0,2390572449.284582,3
122,4,URLLC,928.0,928.0,548502.0179661575,0.0,15571072400.887222,3
122,5,mMTC,445.0,445.0,288479.4971601925,0.0,109857988.36116448,2
123,0,eMBB,40000.0,40000.0,555664.0526258769,0.0,21154567832.90881,3
123,1,URLLC,924.0,924.0,466140.82221938553,0.0,459065516.66790885,3
123,2,mMTC,457.0,457.0,420777.7362791648,0.0,65907271.80327702,3
123,3,eMBB,40000.0,40000.0,504706.2855345381,0.0,2390572449.284582,3
123,4,URLLC,872.0,872.0,548502.0179661575,0.0,15571072400.887222,3
123,5,mMTC,466.0,466.0,288479.4971601925,0.0,109857988.36116448,2
124,0,eMBB,40000.0,40000.0,555664.0526258769,0.0,21154567832.90881,3
124,1,URLLC,928.0,928.0,466140.82221938553,0.0,459065516.66790885,3
124,2,mMTC,460.0,460.0,420777.7362791648,0.0,65907271.80327702,3
124,3,eMBB,40000.0,40000.0,504706.2855345381,0.0,2390572449.284582,3
124,4,URLLC,910.0,910.0,548502.0179661575,0.0,15571072400.887222,3
124,5,mMTC,454.0,454.0,288479.4971601925,0.0,109857988.36116448,2
125,0,eMBB,40000.0,40000.0,555664.0526258769,0.0,21154567832.90881,3
125,1,URLLC,859.0,859.0,466140.82221938553,0.0,459065516.66790885,3
125,2,mMTC,474.0,474.0,420777.7362791648,0.0,65907271.80327702,3
125,3,eMBB,40000.0,40000.0,504706.2855345381,0.0,2390572449.284582,3
125,4,URLLC,925.0,925.0,548502.0179661575,0.0,15571072400.887222,3
125,5,mMTC,436.0,436.0,288479.4971601925,0.0,109857988.36116448,2
126,0,eMBB,40000.0,40000.0,555664.0526258769,0.0,21154567832.90881,3
126,1,URLLC,859.0,859.0,466140.82221938553,0.0,459065516.66790885,3
126,2,mMTC,470.0,470.0,420777.7362791648,0.0,65907271.80327702,3
126,3,eMBB,40000.0,40000.0,504706.2855345381,0.0,2390572449.284582,3
126,4,URLLC,904.0,904.0,548502.0179661575,0.0,15571072400.887222,3
126,5,mMTC,455.0,455.0,288479.4971601925,0.0,109857988.36116448,2
127,0,eMBB,40000.0,40000.0,555664.0526258769,0.0,21154567832.90881,3
127,1,URLLC,919.0,919.0,466140.82221938553,0.0,459065516.66790885,3
127,2,mMTC,463.0,463.0,420777.7362791648,0.0,65907271.80327702,3
127,3,eMBB,40000.0,40000.0,504706.2855345381,0.0,2390572449.284582,3
127,4,URLLC,974.0,974.0,548502.0179661575,0.0,15571072400.887222,3
127,5,mMTC,454.0,454.0,288479.4971601925,0.0,109857988.36116448,2
128,0,eMBB,40000.0,40000.0,555664.0526258769,0.0,21154567832.90881,3
128,1,URLLC,848.0,848.0,466140.82221938553,0.0,459065516.66790885,3
128,2,mMTC,458.0,458.0,420777.7362791648,0.0,65907271.80327702,3
128,3,eMBB,40000.0,40000.0,504706.2855345381,0.0,2390572449.284582,3
128,4,URLLC,875.0,875.0,548502.0179661575,0.0,15571072400.887222,3
128,5,mMTC,406.0,406.0,288479.4971601925,0.0,109857988.36116448,2
129,0,eMBB,40000.0,40000.0,555664.0526258769,0.0,21154567832.90881,3
129,1,URLLC,879.0,879.0,466140.82221938553,0.0,459065516.66790885,3
129,2,mMTC,462.0,462.0,420777.7362791648,0.0,65907271.80327702,3
129,3,eMBB,40000.0,40000.0,504706.2855345381,0.0,2390572449.284582,3
129,4,URLLC,917.0,917.0,548502.0179661575,0.0,15571072400.887222,3
129,5,mMTC,446.0,446.0,288479.4971601925,0.0,109857988.36116448,2
130,0,eMBB,40000.0,40000.0,555664.0526258769,0.0,21154567832.90881,3
130,1,URLLC,909.0,909.0,466140.82221938553,0.0,459065516.66790885,3
130,2,mMTC,442.0,442.0,420777.7362791648,0.0,65907271.80327702,3
130,3,eMBB,40000.0,40000.0,504706.2855345381,0.0,2390572449.284582,3
130,4,URLLC,860.0,860.0,548502.0179661575,0.0,15571072400.887222,3
130,5,mMTC,458.0,458.0,288479.4971601925,0.0,109857988.36116448,2
131,0,eMBB,40000.0,40000.0,555664.0526258769,0.0,21154567832.90881,3
131,1,URLLC,842.0,842.0,466140.82221938553,0.0,459065516.66790885,3
131,2,mMTC,456.0,456.0,420777.7362791648,0.0,65907271.80327702,3
131,3,eMBB,40000.0,40000.0,504706.2855345381,0.0,2390572449.284582,3
131,4,URLLC,961.0,961.0,548502.0179661575,0.0,15571072400.887222,3
131,5,mMTC,442.0,442.0,288479.4971601925,0.0,109857988.36116448,2
132,0,eMBB,40000.0,40000.0,555664.0526258769,0.0,21154567832.90881,3
132,1,URLLC,886.0,886.0,466140.82221938553,0.0,459065516.66790885,3
132,2,mMTC,440.0,440.0,420777.7362791648,0.0,65907271.80327702,3
132,3,eMBB,40000.0,40000.0,504706.2855345381,0.0,2390572449.284582,3
132,4,URLLC,937.0,937.0,548502.0179661575,0.0,15571072400.887222,3
132,5,mMTC,427.0,427.0,288479.4971601925,0.0,109857988.36116448,2
133,0,eMBB,40000.0,40000.0,555664.0526258769,0.0,21154567832.90881,3
133,1,URLLC,906.0,906.0,466140.82221938553,0.0,459065516.66790885,3
133,2,mMTC,473.0,473.0,420777.7362791648,0.0,65907271.80327702,3
133,3,eMBB,40000.0,40000.0,504706.2855345381,0.0,2390572449.284582,3
133,4,URLLC,983.0,983.0,548502.0179661575,0.0,15571072400.887222,3
133,5,mMTC,474.0,474.0,288479.4971601925,0.0,109857988.36116448,2
134,0,eMBB,40000.0,40000.0,555664.0526258769,0.0,21154567832.90881,3
134,1,URLLC,918.0,918.0,466140.82221938553,0.0,459065516.66790885,3
134,2,mMTC,463.0,463.0,420777.7362791648,0.0,65907271.80327702,3
134,3,eMBB,40000.0,40000.0,504706.2855345381,0.0,2390572449.284582,3
134,4,URLLC,854.0,854.0,548502.0179661575,0.0,15571072400.887222,3
134,5,mMTC,483.0,483.0,288479.4971601925,0.0,109857988.36116448,2
135,0,eMBB,40000.0,40000.0,555664.0526258769,0.0,21154567832.90881,3
135,1,URLLC,921.0,921.0,466140.82221938553,0.0,459065516.66790885,3
135,2,mMTC,417.0,417.0,420777.7362791648,0.0,65907271.80327702,3
135,3,eMBB,40000.0,40000.0,504706.2855345381,0.0,2390572449.284582,3
135,4,URLLC,909.0,909.0,548502.0179661575,0.0,15571072400.887222,3
135,5,mMTC,426.0,426.0,288479.4971601925,0.0,109857988.36116448,2
136,0,eMBB,40000.0,40000.0,555664.0526258769,0.0,21154567832.90881,3
136,1,URLLC,834.0,834.0,466140.82221938553,0.0,459065516.66790885,3
136,2,mMTC,432.0,432.0,420777.7362791648,0.0,65907271.80327702,3
136,3,eMBB,40000.0,40000.0,504706.2855345381,0.0,2390572449.284582,3
136,4,URLLC,876.0,876.0,548502.0179661575,0.0,15571072400.887222,3
136,5,mMTC,440.0,440.0,288479.4971601925,0.0,109857988.36116448,2
137,0,eMBB,40000.0,40000.0,555664.0526258769,0.0,21154567832.90881,3
137,1,URLLC,901.0,901.0,466140.82221938553,0.0,459065516.66790885,3
137,2,mMTC,459.0,459.0,420777.7362791648,0.0,65907271.80327702,3
137,3,eMBB,40000.0,40000.0,504706.2855345381,0.0,2390572449.284582,3
137,4,URLLC,919.0,919.0,548502.0179661575,0.0,15571072400.887222,3
137,5,mMTC,445.0,445.0,288479.4971601925,0.0,109857988.36116448,2
138,0,eMBB,40000.0,40000.0,555664.0526258769,0.0,21154567832.90881,3
138,1,URLLC,856.0,856.0,466140.82221938553,0.0,459065516.66790885,3
138,2,mMTC,454.0,454.0,420777.7362791648,0.0,65907271.80327702,3
138,3,eMBB,40000.0,40000.0,504706.2855345381,0.0,2390572449.284582,3
138,4,URLLC,898.0,898.0,548502.0179661575,0.0,15571072400.887222,3
138,5,mMTC,436.0,436.0,288479.4971601925,0.0,109857988.36116448,2
139,0,eMBB,40000.0,40000.0,555664.0526258769,0.0,21154567832.90881,3
139,1,URLLC,844.0,844.0,466140.82221938553,0.0,459065516.66790885,3
139,2,mMTC,385.0,385.0,420777.7362791648,0.0,65907271.80327702,3
139,3,eMBB,40000.0,40000.0,504706.2855345381,0.0,2390572449.284582,3
139,4,URLLC,884.0,884.0,548502.0179661575,0.0,15571072400.887222,3
139,5,mMTC,450.0,450.0,288479.4971601925,0.0,109857988.36116448,2
140,0,eMBB,40000.0,40000.0,555664.0526258769,0.0,21154567832.90881,3
140,1,URLLC,921.0,921.0,466140.82221938553,0.0,459065516.66790885,3
140,2,mMTC,423.0,423.0,420777.7362791648,0.0,65907271.80327702,3
140,3,eMBB,40000.0,40000.0,504706.2855345381,0.0,2390572449.284582,3
140,4,URLLC,905.0,905.0,548502.0179661575,0.0,15571072400.887222,3
140,5,mMTC,400.0,400.0,288479.4971601925,0.0,109857988.36116448,2
141,0,eMBB,40000.0,40000.0,555664.0526258769,0.0,21154567832.90881,3
141,1,URLLC,911.0,911.0,466140.82221938553,0.0,459065516.66790885,3
141,2,mMTC,460.0,460.0,420777.7362791648,0.0,65907271.80327702,3
141,3,eMBB,40000.0,40000.0,504706.2855345381,0.0,2390572449.284582,3
141,4,URLLC,879.0,879.0,548502.0179661575,0.0,15571072400.887222,3
141,5,mMTC,410.0,410.0,288479.4971601925,0.0,109857988.36116448,2
142,0,eMBB,40000.0,40000.0,555664.0526258769,0.0,21154567832.90881,3
142,1,URLLC,897.0,897.0,466140.82221938553,0.0,459065516.66790885,3
142,2,mMTC,443.0,443.0,420777.7362791648,0.0,65907271.80327702,3
142,3,eMBB,40000.0,40000.0,504706.2855345381,0.0,2390572449.284582,3
142,4,URLLC,895.0,895.0,548502.0179661575,0.0,15571072400.887222,3
142,5,mMTC,410.0,410.0,288479.4971601925,0.0,109857988.36116448,2
143,0,eMBB,40000.0,40000.0,555664.0526258769,0.0,21154567832.90881,3
143,1,URLLC,870.0,870.0,466140.82221938553,0.0,459065516.66790885,3
143,2,mMTC,474.0,474.0,420777.7362791648,0.0,65907271.80327702,3
143,3,eMBB,40000.0,40000.0,504706.2855345381,0.0,2390572449.284582,3
143,4,URLLC,862.0,862.0,548502.0179661575,0.0,15571072400.887222,3
143,5,mMTC,456.0,456.0,288479.4971601925,0.0,109857988.36116448,2
144,0,eMBB,40000.0,40000.0,555664.0526258769,0.0,21154567832.90881,3
144,1,URLLC,898.0,898.0,466140.82221938553,0.0,459065516.66790885,3
144,2,mMTC,426.0,426.0,420777.7362791648,0.0,65907271.80327702,3
144,3,eMBB,40000.0,40000.0,504706.2855345381,0.0,2390572449.284582,3
144,4,URLLC,838.0,838.0,548502.0179661575,0.0,15571072400.887222,3
144,5,mMTC,431.0,431.0,288479.4971601925,0.0,109857988.36116448,2
145,0,eMBB,40000.0,40000.0,555664.0526258769,0.0,21154567832.90881,3
145,1,URLLC,931.0,931.0,466140.82221938553,0.0,459065516.66790885,3
145,2,mMTC,462.0,462.0,420777.7362791648,0.0,65907271.80327702,3
145,3,eMBB,40000.0,40000.0,504706.2855345381,0.0,2390572449.284582,3
145,4,URLLC,879.0,879.0,548502.0179661575,0.0,15571072400.887222,3
145,5,mMTC,473.0,473.0,288479.4971601925,0.0,109857988.36116448,2
146,0,eMBB,40000.0,40000.0,555664.0526258769,0.0,21154567832.90881,3
146,1,URLLC,888.0,888.0,466140.82221938553,0.0,459065516.66790885,3
146,2,mMTC,446.0,446.0,420777.7362791648,0.0,65907271.80327702,3
146,3,eMBB,40000.0,40000.0,504706.2855345381,0.0,2390572449.284582,3
146,4,URLLC,938.0,938.0,548502.0179661575,0.0,15571072400.887222,3
146,5,mMTC,432.0,432.0,288479.4971601925,0.0,109857988.36116448,2
147,0,eMBB,40000.0,40000.0,555664.0526258769,0.0,21154567832.90881,3
147,1,URLLC,942.0,942.0,466140.82221938553,0.0,459065516.66790885,3
147,2,mMTC,454.0,454.0,420777.7362791648,0.0,65907271.80327702,3
147,3,eMBB,40000.0,40000.0,504706.2855345381,0.0,2390572449.284582,3
147,4,URLLC,914.0,914.0,548502.0179661575,0.0,15571072400.887222,3
147,5,mMTC,460.0,460.0,288479.4971601925,0.0,109857988.36116448,2
148,0,eMBB,40000.0,40000.0,555664.0526258769,0.0,21154567832.90881,3
148,1,URLLC,862.0,862.0,466140.82221938553,0.0,459065516.66790885,3
148,2,mMTC,472.0,472.0,420777.7362791648,0.0,65907271.80327702,3
148,3,eMBB,40000.0,40000.0,504706.2855345381,0.0,2390572449.284582,3
148,4,URLLC,870.0,870.0,548502.0179661575,0.0,15571072400.887222,3
148,5,mMTC,443.0,443.0,288479.4971601925,0.0,109857988.36116448,2
149,0,eMBB,40000.0,40000.0,555664.0526258769,0.0,21154567832.90881,3
149,1,URLLC,881.0,881.0,466140.82221938553,0.0,459065516.66790885,3
149,2,mMTC,423.0,423.0,420777.7362791648,0.0,65907271.80327702,3
149,3,eMBB,40000.0,40000.0,504706.2855345381,0.0,2390572449.284582,3
149,4,URLLC,907.0,907.0,548502.0179661575,0.0,15571072400.887222,3
149,5,mMTC,464.0,464.0,288479.4971601925,0.0,109857988.36116448,2
150,0,eMBB,40000.0,40000.0,555664.0526258769,0.0,21154567832.90881,3
150,1,URLLC,869.0,869.0,466140.82221938553,0.0,459065516.66790885,3
150,2,mMTC,423.0,423.0,420777.7362791648,0.0,65907271.80327702,3
150,3,eMBB,40000.0,40000.0,504706.2855345381,0.0,2390572449.284582,3
150,4,URLLC,879.0,879.0,548502.0179661575,0.0,15571072400.887222,3
150,5,mMTC,442.0,442.0,288479.4971601925,0.0,109857988.36116448,2
151,0,eMBB,40000.0,40000.0,555664.0526258769,0.0,21154567832.90881,3
151,1,URLLC,903.0,903.0,466140.82221938553,0.0,459065516.66790885,3
151,2,mMTC,423.0,423.0,420777.7362791648,0.0,65907271.80327702,3
151,3,eMBB,40000.0,40000.0,504706.2855345381,0.0,2390572449.284582,3
151,4,URLLC,907.0,907.0,548502.0179661575,0.0,15571072400.887222,3
151,5,mMTC,471.0,471.0,288479.4971601925,0.0,109857988.36116448,2
152,0,eMBB,40000.0,40000.0,555664.0526258769,0.0,21154567832.90881,3
152,1,URLLC,900.0,900.0,466140.82221938553,0.0,459065516.66790885,3
152,2,mMTC,427.0,427.0,420777.7362791648,0.0,65907271.80327702,3
152,3,eMBB,40000.0,40000.0,504706.2855345381,0.0,2390572449.284582,3
152,4,URLLC,872.0,872.0,548502.0179661575,0.0,15571072400.887222,3
152,5,mMTC,448.0,448.0,288479.4971601925,0.0,109857988.36116448,2
153,0,eMBB,40000.0,40000.0,555664.0526258769,0.0,21154567832.90881,3
153,1,URLLC,814.0,814.0,466140.82221938553,0.0,459065516.66790885,3
153,2,mMTC,443.0,443.0,420777.7362791648,0.0,65907271.80327702,3
153,3,eMBB,40000.0,40000.0,504706.2855345381,0.0,2390572449.284582,3
153,4,URLLC,877.0,877.0,548502.0179661575,0.0,15571072400.887222,3
153,5,mMTC,393.0,393.0,288479.4971601925,0.0,109857988.36116448,2
154,0,eMBB,40000.0,40000.0,555664.0526258769,0.0,21154567832.90881,3
154,1,URLLC,905.0,905.0,466140.82221938553,0.0,459065516.66790885,3
154,2,mMTC,444.0,444.0,420777.7362791648,0.0,65907271.80327702,3
154,3,eMBB,40000.0,40000.0,504706.2855345381,0.0,2390572449.284582,3
154,4,URLLC,892.0,892.0,548502.0179661575,0.0,15571072400.887222,3
154,5,mMTC,420.0,420.0,288479.4971601925,0.0,109857988.36116448,2
155,0,eMBB,40000.0,40000.0,555664.0526258769,0.0,21154567832.90881,3
155,1,URLLC,876.0,876.0,466140.82221938553,0.0,459065516.66790885,3
155,2,mMTC,426.0,426.0,420777.7362791648,0.0,65907271.80327702,3
155,3,eMBB,40000.0,40000.0,504706.2855345381,0.0,2390572449.284582,3
155,4,URLLC,986.0,986.0,548502.0179661575,0.0,15571072400.887222,3
155,5,mMTC,457.0,457.0,288479.4971601925,0.0,109857988.36116448,2
156,0,eMBB,40000.0,40000.0,555664.0526258769,0.0,21154567832.90881,3
156,1,URLLC,931.0,931.0,466140.82221938553,0.0,459065516.66790885,3
156,2,mMTC,458.0,458.0,420777.7362791648,0.0,65907271.80327702,3
156,3,eMBB,40000.0,40000.0,504706.2855345381,0.0,2390572449.284582,3
156,4,URLLC,956.0,956.0,548502.0179661575,0.0,15571072400.887222,3
156,5,mMTC,446.0,446.0,288479.4971601925,0.0,109857988.36116448,2
157,0,eMBB,40000.0,40000.0,555664.0526258769,0.0,21154567832.90881,3
157,1,URLLC,931.0,931.0,466140.82221938553,0.0,459065516.66790885,3
157,2,mMTC,458.0,458.0,420777.7362791648,0.0,65907271.80327702,3
157,3,eMBB,40000.0,40000.0,504706.2855345381,0.0,2390572449.284582,3
157,4,URLLC,866.0,866.0,548502.0179661575,0.0,15571072400.887222,3
157,5,mMTC,440.0,440.0,288479.4971601925,0.0,109857988.36116448,2
158,0,eMBB,40000.0,40000.0,555664.0526258769,0.0,21154567832.90881,3
158,1,URLLC,849.0,849.0,466140.82221938553,0.0,459065516.66790885,3
158,2,mMTC,474.0,474.0,420777.7362791648,0.0,65907271.80327702,3
158,3,eMBB,40000.0,40000.0,504706.2855345381,0.0,2390572449.284582,3
158,4,URLLC,899.0,899.0,548502.0179661575,0.0,15571072400.887222,3
158,5,mMTC,475.0,475.0,288479.4971601925,0.0,109857988.36116448,2
159,0,eMBB,40000.0,40000.0,555664.0526258769,0.0,21154567832.90881,3
159,1,URLLC,878.0,878.0,466140.82221938553,0.0,459065516.66790885,3
159,2,mMTC,467.0,467.0,420777.7362791648,0.0,65907271.80327702,3
159,3,eMBB,40000.0,40000.0,504706.2855345381,0.0,2390572449.284582,3
159,4,URLLC,921.0,921.0,548502.0179661575,0.0,15571072400.887222,3
159,5,mMTC,468.0,468.0,288479.4971601925,0.0,109857988.36116448,2
160,0,eMBB,40000.0,40000.0,555664.0526258769,0.0,21154567832.90881,3
160,1,URLLC,897.0,897.0,466140.82221938553,0.0,459065516.66790885,3
160,2,mMTC,435.0,435.0,420777.7362791648,0.0,65907271.80327702,3
160,3,eMBB,40000.0,40000.0,504706.2855345381,0.0,2390572449.284582,3
160,4,URLLC,884.0,884.0,548502.0179661575,0.0,15571072400.887222,3
160,5,mMTC,440.0,440.0,288479.4971601925,0.0,109857988.36116448,2
161,0,eMBB,40000.0,40000.0,555664.0526258769,0.0,21154567832.90881,3
161,1,URLLC,869.0,869.0,466140.82221938553,0.0,459065516.66790885,3
161,2,mMTC,428.0,428.0,420777.7362791648,0.0,65907271.80327702,3
161,3,eMBB,40000.0,40000.0,504706.2855345381,0.0,2390572449.284582,3
161,4,URLLC,902.0,902.0,548502.0179661575,0.0,15571072400.887222,3
161,5,mMTC,454.0,454.0,288479.4971601925,0.0,109857988.36116448,2
162,0,eMBB,40000.0,40000.0,555664.0526258769,0.0,21154567832.90881,3
162,1,URLLC,882.0,882.0,466140.82221938553,0.0,459065516.66790885,3
162,2,mMTC,447.0,447.0,420777.7362791648,0.0,65907271.80327702,3
162,3,eMBB,40000.0,40000.0,504706.2855345381,0.0,2390572449.284582,3
162,4,URLLC,883.0,883.0,548502.0179661575,0.0,15571072400.887222,3
162,5,mMTC,451.0,451.0,288479.4971601925,0.0,109857988.36116448,2
163,0,eMBB,40000.0,40000.0,555664.0526258769,0.0,21154567832.90881,3
163,1,URLLC,902.0,902.0,466140.82221938553,0.0,459065516.66790885,3
163,2,mMTC,468.0,468.0,420777.7362791648,0.0,65907271.80327702,3
163,3,eMBB,40000.0,40000.0,504706.2855345381,0.0,2390572449.284582,3
163,4,URLLC,965.0,965.0,548502.0179661575,0.0,15571072400.887222,3
163,5,mMTC,426.0,426.0,288479.4971601925,0.0,109857988.36116448,2
164,0,eMBB,40000.0,40000.0,555664.0526258769,0.0,21154567832.90881,3
164,1,URLLC,906.0,906.0,466140.82221938553,0.0,459065516.66790885,3
164,2,mMTC,430.0,430.0,420777.7362791648,0.0,65907271.80327702,3
164,3,eMBB,40000.0,40000.0,504706.2855345381,0.0,2390572449.284582,3
164,4,URLLC,880.0,880.0,548502.0179661575,0.0,15571072400.887222,3
164,5,mMTC,445.0,445.0,288479.4971601925,0.0,109857988.36116448,2
165,0,eMBB,40000.0,40000.0,555664.0526258769,0.0,21154567832.90881,3
165,1,URLLC,874.0,874.0,466140.82221938553,0.0,459065516.66790885,3
165,2,mMTC,467.0,467.0,420777.7362791648,0.0,65907271.80327702,3
165,3,eMBB,40000.0,40000.0,504706.2855345381,0.0,2390572449.284582,3
165,4,URLLC,876.0,876.0,548502.0179661575,0.0,15571072400.887222,3
165,5,mMTC,460.0,460.0,288479.4971601925,0.0,109857988.36116448,2
166,0,eMBB,40000.0,40000.0,555664.0526258769,0.0,21154567832.90881,3
166,1,URLLC,885.0,885.0,466140.82221938553,0.0,459065516.66790885,3
166,2,mMTC,424.0,424.0,420777.7362791648,0.0,65907271.80327702,3
166,3,eMBB,40000.0,40000.0,504706.2855345381,0.0,2390572449.284582,3
166,4,URLLC,862.0,862.0,548502.0179661575,0.0,15571072400.887222,3
166,5,mMTC,460.0,460.0,288479.4971601925,0.0,109857988.36116448,2
167,0,eMBB,40000.0,40000.0,555664.0526258769,0.0,21154567832.90881,3
167,1,URLLC,899.0,899.0,466140.82221938553,0.0,459065516.66790885,3
167,2,mMTC,467.0,467.0,420777.7362791648,0.0,65907271.80327702,3
167,3,eMBB,40000.0,40000.0,504706.2855345381,0.0,2390572449.284582,3
167,4,URLLC,962.0,962.0,548502.0179661575,0.0,15571072400.887222,3
167,5,mMTC,468.0,468.0,288479.4971601925,0.0,109857988.36116448,2
168,0,eMBB,40000.0,40000.0,555664.0526258769,0.0,21154567832.90881,3
168,1,URLLC,868.0,868.0,466140.82221938553,0.0,459065516.66790885,3
168,2,mMTC,453.0,453.0,420777.7362791648,0.0,65907271.80327702,3
168,3,eMBB,40000.0,40000.0,504706.2855345381,0.0,2390572449.284582,3
168,4,URLLC,880.0,880.0,548502.0179661575,0.0,15571072400.887222,3
168,5,mMTC,465.0,465.0,288479.4971601925,0.0,109857988.36116448,2
169,0,eMBB,40000.0,40000.0,555664.0526258769,0.0,21154567832.90881,3
169,1,URLLC,924.0,924.0,466140.82221938553,0.0,459065516.66790885,3
169,2,mMTC,457.0,457.0,420777.7362791648,0.0,65907271.80327702,3
169,3,eMBB,40000.0,40000.0,504706.2855345381,0.0,2390572449.284582,3
169,4,URLLC,904.0,904.0,548502.0179661575,0.0,15571072400.887222,3
169,5,mMTC,452.0,452.0,288479.4971601925,0.0,109857988.36116448,2
170,0,eMBB,40000.0,40000.0,555664.0526258769,0.0,21154567832.90881,3
170,1,URLLC,914.0,914.0,466140.82221938553,0.0,459065516.66790885,3
170,2,mMTC,428.0,428.0,420777.7362791648,0.0,65907271.80327702,3
170,3,eMBB,40000.0,40000.0,504706.2855345381,0.0,2390572449.284582,3
170,4,URLLC,902.0,902.0,548502.0179661575,0.0,15571072400.887222,3
170,5,mMTC,429.0,429.0,288479.4971601925,0.0,109857988.36116448,2
171,0,eMBB,40000.0,40000.0,555664.0526258769,0.0,21154567832.90881,3
171,1,URLLC,901.0,901.0,466140.82221938553,0.0,459065516.66790885,3
171,2,mMTC,459.0,459.0,420777.7362791648,0.0,65907271.80327702,3
171,3,eMBB,40000.0,40000.0,504706.2855345381,0.0,2390572449.284582,3
171,4,URLLC,887.0,887.0,548502.0179661575,0.0,15571072400.887222,3
171,5,mMTC,419.0,419.0,288479.4971601925,0.0,109857988.36116448,2
172,0,eMBB,40000.0,40000.0,555664.0526258769,0.0,21154567832.90881,3
172,1,URLLC,913.0,913.0,466140.82221938553,0.0,459065516.66790885,3
172,2,mMTC,432.0,432.0,420777.7362791648,0.0,65907271.80327702,3
172,3,eMBB,40000.0,40000.0,504706.2855345381,0.0,2390572449.284582,3
172,4,URLLC,843.0,843.0,548502.0179661575,0.0,15571072400.887222,3
172,5,mMTC,425.0,425.0,288479.4971601925,0.0,109857988.36116448,2
173,0,eMBB,40000.0,40000.0,555664.0526258769,0.0,21154567832.90881,3
173,1,URLLC,867.0,867.0,466140.82221938553,0.0,459065516.66790885,3
173,2,mMTC,407.0,407.0,420777.7362791648,0.0,65907271.80327702,3
173,3,eMBB,40000.0,40000.0,504706.2855345381,0.0,2390572449.284582,3
173,4,URLLC,836.0,836.0,548502.0179661575,0.0,15571072400.887222,3
173,5,mMTC,429.0,429.0,288479.4971601925,0.0,109857988.36116448,2
174,0,eMBB,40000.0,40000.0,555664.0526258769,0.0,21154567832.90881,3
174,1,URLLC,934.0,934.0,466140.82221938553,0.0,459065516.66790885,3
174,2,mMTC,448.0,448.0,420777.7362791648,0.0,65907271.80327702,3
174,3,eMBB,40000.0,40000.0,504706.2855345381,0.0,2390572449.284582,3
174,4,URLLC,878.0,878.0,548502.0179661575,0.0,15571072400.887222,3
174,5,mMTC,450.0,450.0,288479.4971601925,0.0,109857988.36116448,2
175,0,eMBB,40000.0,40000.0,555664.0526258769,0.0,21154567832.90881,3
175,1,URLLC,890.0,890.0,466140.82221938553,0.0,459065516.66790885,3
175,2,mMTC,450.0,450.0,420777.7362791648,0.0,65907271.80327702,3
175,3,eMBB,40000.0,40000.0,504706.2855345381,0.0,2390572449.284582,3
175,4,URLLC,861.0,861.0,548502.0179661575,0.0,15571072400.887222,3
175,5,mMTC,426.0,426.0,288479.4971601925,0.0,109857988.36116448,2
176,0,eMBB,40000.0,40000.0,555664.0526258769,0.0,21154567832.90881,3
176,1,URLLC,847.0,847.0,466140.82221938553,0.0,459065516.66790885,3
176,2,mMTC,463.0,463.0,420777.7362791648,0.0,65907271.80327702,3
176,3,eMBB,40000.0,40000.0,504706.2855345381,0.0,2390572449.284582,3
176,4,URLLC,907.0,907.0,548502.0179661575,0.0,15571072400.887222,3
176,5,mMTC,485.0,485.0,288479.4971601925,0.0,109857988.36116448,2
177,0,eMBB,40000.0,40000.0,555664.0526258769,0.0,21154567832.90881,3
177,1,URLLC,884.0,884.0,466140.82221938553,0.0,459065516.66790885,3
177,2,mMTC,449.0,449.0,420777.7362791648,0.0,65907271.80327702,3
177,3,eMBB,40000.0,40000.0,504706.2855345381,0.0,2390572449.284582,3
177,4,URLLC,895.0,895.0,548502.0179661575,0.0,15571072400.887222,3
177,5,mMTC,412.0,412.0,288479.4971601925,0.0,109857988.36116448,2
178,0,eMBB,40000.0,40000.0,555664.0526258769,0.0,21154567832.90881,3
178,1,URLLC,854.0,854.0,466140.82221938553,0.0,459065516.66790885,3
178,2,mMTC,465.0,465.0,420777.7362791648,0.0,65907271.80327702,3
178,3,eMBB,40000.0,40000.0,504706.2855345381,0.0,2390572449.284582,3
178,4,URLLC,810.0,810.0,548502.0179661575,0.0,15571072400.887222,3
178,5,mMTC,431.0,431.0,288479.4971601925,0.0,109857988.36116448,2
179,0,eMBB,40000.0,40000.0,555664.0526258769,0.0,21154567832.90881,3
179,1,URLLC,844.0,844.0,466140.82221938553,0.0,459065516.66790885,3
179,2,mMTC,450.0,450.0,420777.7362791648,0.0,65907271.80327702,3
179,3,eMBB,40000.0,40000.0,504706.2855345381,0.0,2390572449.284582,3
179,4,URLLC,884.0,884.0,548502.0179661575,0.0,15571072400.887222,3
179,5,mMTC,452.0,452.0,288479.4971601925,0.0,109857988.36116448,2
180,0,eMBB,40000.0,40000.0,555664.0526258769,0.0,21154567832.90881,3
180,1,URLLC,944.0,944.0,466140.82221938553,0.0,459065516.66790885,3
180,2,mMTC,417.0,417.0,420777.7362791648,0.0,65907271.80327702,3
180,3,eMBB,40000.0,40000.0,504706.2855345381,0.0,2390572449.284582,3
180,4,URLLC,883.0,883.0,548502.0179661575,0.0,15571072400.887222,3
180,5,mMTC,474.0,474.0,288479.4971601925,0.0,109857988.36116448,2
181,0,eMBB,40000.0,40000.0,555664.0526258769,0.0,21154567832.90881,3
181,1,URLLC,920.0,920.0,466140.82221938553,0.0,459065516.66790885,3
181,2,mMTC,410.0,410.0,420777.7362791648,0.0,65907271.80327702,3
181,3,eMBB,40000.0,40000.0,504706.2855345381,0.0,2390572449.284582,3
181,4,URLLC,861.0,861.0,548502.0179661575,0.0,15571072400.887222,3
181,5,mMTC,437.0,437.0,288479.4971601925,0.0,109857988.36116448,2
182,0,eMBB,40000.0,40000.0,555664.0526258769,0.0,21154567832.90881,3
182,1,URLLC,905.0,905.0,466140.82221938553,0.0,459065516.66790885,3
182,2,mMTC,419.0,419.0,420777.7362791648,0.0,65907271.80327702,3
182,3,eMBB,40000.0,40000.0,504706.2855345381,0.0,2390572449.284582,3
182,4,URLLC,945.0,945.0,548502.0179661575,0.0,15571072400.887222,3
182,5,mMTC,453.0,453.0,288479.4971601925,0.0,109857988.36116448,2
183,0,eMBB,40000.0,40000.0,555664.0526258769,0.0,21154567832.90881,3
183,1,URLLC,861.0,861.0,466140.82221938553,0.0,459065516.66790885,3
183,2,mMTC,440.0,440.0,420777.7362791648,0.0,65907271.80327702,3
183,3,eMBB,40000.0,40000.0,504706.2855345381,0.0,2390572449.284582,3
183,4,URLLC,881.0,881.0,548502.0179661575,0.0,15571072400.887222,3
183,5,mMTC,435.0,435.0,288479.4971601925,0.0,109857988.36116448,2
184,0,eMBB,40000.0,40000.0,555664.0526258769,0.0,21154567832.90881,3
184,1,URLLC,888.0,888.0,466140.82221938553,0.0,459065516.66790885,3
184,2,mMTC,455.0,455.0,420777.7362791648,0.0,65907271.80327702,3
184,3,eMBB,40000.0,40000.0,504706.2855345381,0.0,2390572449.284582,3
184,4,URLLC,903.0,903.0,548502.0179661575,0.0,15571072400.887222,3
184,5,mMTC,421.0,421.0,288479.4971601925,0.0,109857988.36116448,2
185,0,eMBB,40000.0,40000.0,555664.0526258769,0.0,21154567832.90881,3
185,1,URLLC,919.0,919.0,466140.82221938553,0.0,459065516.66790885,3
185,2,mMTC,403.0,403.0,420777.7362791648,0.0,65907271.80327702,3
185,3,eMBB,40000.0,40000.0,504706.2855345381,0.0,2390572449.284582,3
185,4,URLLC,856.0,856.0,548502.0179661575,0.0,15571072400.887222,3
185,5,mMTC,434.0,434.0,288479.4971601925,0.0,109857988.36116448,2
186,0,eMBB,40000.0,40000.0,555664.0526258769,0.0,21154567832.90881,3
186,1,URLLC,910.0,910.0,466140.82221938553,0.0,459065516.66790885,3
186,2,mMTC,468.0,468.0,420777.7362791648,0.0,65907271.80327702,3
186,3,eMBB,40000.0,40000.0,504706.2855345381,0.0,2390572449.284582,3
186,4,URLLC,876.0,876.0,548502.0179661575,0.0,15571072400.887222,3
186,5,mMTC,448.0,448.0,288479.4971601925,0.0,109857988.36116448,2
187,0,eMBB,40000.0,40000.0,555664.0526258769,0.0,21154567832.90881,3
187,1,URLLC,854.0,854.0,466140.82221938553,0.0,459065516.66790885,3
187,2,mMTC,443.0,443.0,420777.7362791648,0.0,65907271.80327702,3
187,3,eMBB,40000.0,40000.0,504706.2855345381,0.0,2390572449.284582,3
187,4,URLLC,881.0,881.0,548502.0179661575,0.0,15571072400.887222,3
187,5,mMTC,469.0,469.0,288479.4971601925,0.0,109857988.36116448,2
188,0,eMBB,40000.0,40000.0,555664.0526258769,0.0,21154567832.90881,3
188,1,URLLC,918.0,918.0,466140.82221938553,0.0,459065516.66790885,3
188,2,mMTC,441.0,441.0,420777.7362791648,0.0,65907271.80327702,3
188,3,eMBB,40000.0,40000.0,504706.2855345381,0.0,2390572449.284582,3
188,4,URLLC,917.0,917.0,548502.0179661575,0.0,15571072400.887222,3
188,5,mMTC,448.0,448.0,288479.4971601925,0.0,109857988.36116448,2
189,0,eMBB,40000.0,40000.0,555664.0526258769,0.0,21154567832.90881,3
189,1,URLLC,970.0,970.0,466140.82221938553,0.0,459065516.66790885,3
189,2,mMTC,416.0,416.0,420777.7362791648,0.0,65907271.80327702,3
189,3,eMBB,40000.0,40000.0,504706.2855345381,0.0,2390572449.284582,3
189,4,URLLC,889.0,889.0,548502.0179661575,0.0,15571072400.887222,3
189,5,mMTC,414.0,414.0,288479.4971601925,0.0,109857988.36116448,2
190,0,eMBB,40000.0,40000.0,555664.0526258769,0.0,21154567832.90881,3
190,1,URLLC,857.0,857.0,466140.82221938553,0.0,459065516.66790885,3
190,2,mMTC,462.0,462.0,420777.7362791648,0.0,65907271.80327702,3
190,3,eMBB,40000.0,40000.0,504706.2855345381,0.0,2390572449.284582,3
190,4,URLLC,882.0,882.0,548502.0179661575,0.0,15571072400.887222,3
190,5,mMTC,444.0,444.0,288479.4971601925,0.0,109857988.36116448,2
191,0,eMBB,40000.0,40000.0,555664.0526258769,0.0,21154567832.90881,3
191,1,URLLC,936.0,936.0,466140.82221938553,0.0,459065516.66790885,3
191,2,mMTC,465.0,465.0,420777.7362791648,0.0,65907271.80327702,3
191,3,eMBB,40000.0,40000.0,504706.2855345381,0.0,2390572449.284582,3
191,4,URLLC,909.0,909.0,548502.0179661575,0.0,15571072400.887222,3
191,5,mMTC,430.0,430.0,288479.4971601925,0.0,109857988.36116448,2
192,0,eMBB,40000.0,40000.0,555664.0526258769,0.0,21154567832.90881,3
192,1,URLLC,890.0,890.0,466140.82221938553,0.0,459065516.66790885,3
192,2,mMTC,456.0,456.0,420777.7362791648,0.0,65907271.80327702,3
192,3,eMBB,40000.0,40000.0,504706.2855345381,0.0,2390572449.284582,3
192,4,URLLC,905.0,905.0,548502.0179661575,0.0,15571072400.887222,3
192,5,mMTC,406.0,406.0,288479.4971601925,0.0,109857988.36116448,2
193,0,eMBB,40000.0,40000.0,555664.0526258769,0.0,21154567832.90881,3
193,1,URLLC,857.0,857.0,466140.82221938553,0.0,459065516.66790885,3
193,2,mMTC,447.0,447.0,420777.7362791648,0.0,65907271.80327702,3
193,3,eMBB,40000.0,40000.0,504706.2855345381,0.0,2390572449.284582,3
193,4,URLLC,817.0,817.0,548502.0179661575,0.0,15571072400.887222,3
193,5,mMTC,460.0,460.0,288479.4971601925,0.0,109857988.36116448,2
194,0,eMBB,40000.0,40000.0,555664.0526258769,0.0,21154567832.90881,3
194,1,URLLC,838.0,838.0,466140.82221938553,0.0,459065516.66790885,3
194,2,mMTC,437.0,437.0,420777.7362791648,0.0,65907271.80327702,3
194,3,eMBB,40000.0,40000.0,504706.2855345381,0.0,2390572449.284582,3
194,4,URLLC,880.0,880.0,548502.0179661575,0.0,15571072400.887222,3
194,5,mMTC,456.0,456.0,288479.4971601925,0.0,109857988.36116448,2
195,0,eMBB,40000.0,40000.0,555664.0526258769,0.0,21154567832.90881,3
195,1,URLLC,861.0,861.0,466140.82221938553,0.0,459065516.66790885,3
195,2,mMTC,456.0,456.0,420777.7362791648,0.0,65907271.80327702,3
195,3,eMBB,40000.0,40000.0,504706.2855345381,0.0,2390572449.284582,3
195,4,URLLC,872.0,872.0,548502.0179661575,0.0,15571072400.887222,3
195,5,mMTC,433.0,433.0,288479.4971601925,0.0,109857988.36116448,2
196,0,eMBB,40000.0,40000.0,555664.0526258769,0.0,21154567832.90881,3
196,1,URLLC,904.0,904.0,466140.82221938553,0.0,459065516.66790885,3
196,2,mMTC,427.0,427.0,420777.7362791648,0.0,65907271.80327702,3
196,3,eMBB,40000.0,40000.0,504706.2855345381,0.0,2390572449.284582,3
196,4,URLLC,903.0,903.0,548502.0179661575,0.0,15571072400.887222,3
196,5,mMTC,455.0,455.0,288479.4971601925,0.0,109857988.36116448,2
197,0,eMBB,40000.0,40000.0,555664.0526258769,0.0,21154567832.90881,3
197,1,URLLC,921.0,921.0,466140.82221938553,0.0,459065516.66790885,3
197,2,mMTC,451.0,451.0,420777.7362791648,0.0,65907271.80327702,3
197,3,eMBB,40000.0,40000.0,504706.2855345381,0.0,2390572449.284582,3
197,4,URLLC,923.0,923.0,548502.0179661575,0.0,15571072400.887222,3
197,5,mMTC,419.0,419.0,288479.4971601925,0.0,109857988.36116448,2
198,0,eMBB,40000.0,40000.0,555664.0526258769,0.0,21154567832.90881,3
198,1,URLLC,948.0,948.0,466140.82221938553,0.0,459065516.66790885,3
198,2,mMTC,438.0,438.0,420777.7362791648,0.0,65907271.80327702,3
198,3,eMBB,40000.0,40000.0,504706.2855345381,0.0,2390572449.284582,3
198,4,URLLC,888.0,888.0,548502.0179661575,0.0,15571072400.887222,3
198,5,mMTC,491.0,491.0,288479.4971601925,0.0,109857988.36116448,2
199,0,eMBB,40000.0,40000.0,555664.0526258769,0.0,21154567832.90881,3
199,1,URLLC,852.0,852.0,466140.82221938553,0.0,459065516.66790885,3
199,2,mMTC,476.0,476.0,420777.7362791648,0.0,65907271.80327702,3
199,3,eMBB,40000.0,40000.0,504706.2855345381,0.0,2390572449.284582,3
199,4,URLLC,874.0,874.0,548502.0179661575,0.0,15571072400.887222,3
199,5,mMTC,473.0,473.0,288479.4971601925,0.0,109857988.36116448,2
