t_s,tx_on,sched,prbs_eMBB,prbs_URLLC,prbs_mMTC,arr_mbps_eMBB,arr_mbps_URLLC,arr_mbps_mMTC,acc_mbps_eMBB,acc_mbps_URLLC,acc_mbps_mMTC,drp_mbps_eMBB,drp_mbps_URLLC,drp_mbps_mMTC,snt_mbps_eMBB,snt_mbps_URLLC,snt_mbps_mMTC,buf_mbits_eMBB,buf_mbits_URLLC,buf_mbits_mMTC,phy_rbg_mbps_eMBB,phy_rbg_mbps_URLLC,phy_rbg_mbps_mMTC,ue0_slice,ue0_dist_m,ue0_buf_mbits,ue0_arr_mbps,ue0_acc_mbps,ue0_drp_mbps,ue0_snt_mbps,ue0_avg_snr_db,ue0_avg_noise_w,ue0_avg_rbg_rate_mbps,ue0_cqi_mode,ue1_slice,ue1_dist_m,ue1_buf_mbits,ue1_arr_mbps,ue1_acc_mbps,ue1_drp_mbps,ue1_snt_mbps,ue1_avg_snr_db,ue1_avg_noise_w,ue1_avg_rbg_rate_mbps,ue1_cqi_mode,ue2_slice,ue2_dist_m,ue2_buf_mbits,ue2_arr_mbps,ue2_acc_mbps,ue2_drp_mbps,ue2_snt_mbps,ue2_avg_snr_db,ue2_avg_noise_w,ue2_avg_rbg_rate_mbps,ue2_cqi_mode,ue3_slice,ue3_dist_m,ue3_buf_mbits,ue3_arr_mbps,ue3_acc_mbps,ue3_drp_mbps,ue3_snt_mbps,ue3_avg_snr_db,ue3_avg_noise_w,ue3_avg_rbg_rate_mbps,ue3_cqi_mode,ue4_slice,ue4_dist_m,ue4_buf_mbits,ue4_arr_mbps,ue4_acc_mbps,ue4_drp_mbps,ue4_snt_mbps,ue4_avg_snr_db,ue4_avg_noise_w,ue4_avg_rbg_rate_mbps,ue4_cqi_mode,ue5_slice,ue5_dist_m,ue5_buf_mbits,ue5_arr_mbps,ue5_acc_mbps,ue5_drp_mbps,ue5_snt_mbps,ue5_avg_snr_db,ue5_avg_noise_w,ue5_avg_rbg_rate_mbps,ue5_cqi_mode
1.0000000000000007,0,PF,23,16,11,8.0,0.072,0.072,8.0,0.072,0.072,0.0,0.072,0.0,0.0,0.0,0.0,8.0,0.0,0.072,0.0,0.0,0.0,eMBB,31.63,4.0,4.0,4.0,0.0,0.0,nan,nan,0.0,-1,eMBB,39.01,4.0,4.0,4.0,0.0,0.0,nan,nan,0.0,-1,URLLC,15.71,0.0,0.012,0.012,0.012,0.0,nan,nan,0.0,-1,URLLC,1.26,0.0,0.06,0.06,0.06,0.0,nan,nan,0.0,-1,mMTC,40.06,0.024,0.024,0.024,0.0,0.0,nan,nan,0.0,-1,mMTC,15.85,0.048,0.048,0.048,0.0,0.0,nan,nan,0.0,-1
2.0000000000000013,0,PF,23,16,11,8.0,0.252,0.096,2.0,0.252,0.096,6.0,0.228,0.0,0.0,0.0,0.0,10.0,0.024,0.168,0.0,0.0,0.0,eMBB,31.63,5.0,4.0,1.0,3.0,0.0,nan,nan,0.0,-1,eMBB,39.01,5.0,4.0,1.0,3.0,0.0,nan,nan,0.0,-1,URLLC,15.71,0.024,0.132,0.132,0.108,0.0,nan,nan,0.0,-1,URLLC,1.26,0.0,0.12,0.12,0.12,0.0,nan,nan,0.0,-1,mMTC,40.06,0.06,0.036,0.036,0.0,0.0,nan,nan,0.0,-1,mMTC,15.85,0.108,0.06,0.06,0.0,0.0,nan,nan,0.0,-1
2.99999999999998,0,PF,23,16,11,8.0,0.156,0.06,0.0,0.156,0.06,8.0,0.18,0.0,0.0,0.0,0.0,10.0,0.0,0.228,0.0,0.0,0.0,eMBB,31.63,5.0,4.0,0.0,4.0,0.0,nan,nan,0.0,-1,eMBB,39.01,5.0,4.0,0.0,4.0,0.0,nan,nan,0.0,-1,URLLC,15.71,0.0,0.096,0.096,0.12,0.0,nan,nan,0.0,-1,URLLC,1.26,0.0,0.06,0.06,0.06,0.0,nan,nan,0.0,-1,mMTC,40.06,0.096,0.036,0.036,0.0,0.0,nan,nan,0.0,-1,mMTC,15.85,0.132,0.024,0.024,0.0,0.0,nan,nan,0.0,-1
3.9999999999999587,0,PF,23,16,11,8.0,0.18,0.108,0.0,0.18,0.108,8.0,0.18,0.0,0.0,0.0,0.0,10.0,0.0,0.336,0.0,0.0,0.0,eMBB,31.63,5.0,4.0,0.0,4.0,0.0,nan,nan,0.0,-1,eMBB,39.01,5.0,4.0,0.0,4.0,0.0,nan,nan,0.0,-1,URLLC,15.71,0.0,0.096,0.096,0.096,0.0,nan,nan,0.0,-1,URLLC,1.26,0.0,0.084,0.084,0.084,0.0,nan,nan,0.0,-1,mMTC,40.06,0.156,0.06,0.06,0.0,0.0,nan,nan,0.0,-1,mMTC,15.85,0.18,0.048,0.048,0.0,0.0,nan,nan,0.0,-1
4.999999999999938,0,PF,23,16,11,8.0,0.168,0.072,0.0,0.168,0.072,8.0,0.168,0.0,0.0,0.0,0.0,10.0,0.0,0.408,0.0,0.0,0.0,eMBB,31.63,5.0,4.0,0.0,4.0,0.0,nan,nan,0.0,-1,eMBB,39.01,5.0,4.0,0.0,4.0,0.0,nan,nan,0.0,-1,URLLC,15.71,0.0,0.048,0.048,0.048,0.0,nan,nan,0.0,-1,URLLC,1.26,0.0,0.12,0.12,0.12,0.0,nan,nan,0.0,-1,mMTC,40.06,0.18,0.024,0.024,0.0,0.0,nan,nan,0.0,-1,mMTC,15.85,0.228,0.048,0.048,0.0,0.0,nan,nan,0.0,-1
5.9999999999999165,0,PF,23,16,11,8.0,0.204,0.084,0.0,0.204,0.084,8.0,0.204,0.0,0.0,0.0,0.0,10.0,0.0,0.492,0.0,0.0,0.0,eMBB,31.63,5.0,4.0,0.0,4.0,0.0,nan,nan,0.0,-1,eMBB,39.01,5.0,4.0,0.0,4.0,0.0,nan,nan,0.0,-1,URLLC,15.71,0.0,0.108,0.108,0.108,0.0,nan,nan,0.0,-1,URLLC,1.26,0.0,0.096,0.096,0.096,0.0,nan,nan,0.0,-1,mMTC,40.06,0.216,0.036,0.036,0.0,0.0,nan,nan,0.0,-1,mMTC,15.85,0.276,0.048,0.048,0.0,0.0,nan,nan,0.0,-1
6.999999999999895,0,PF,23,16,11,8.0,0.06,0.06,0.0,0.06,0.06,8.0,0.06,0.0,0.0,0.0,0.0,10.0,0.0,0.552,0.0,0.0,0.0,eMBB,31.63,5.0,4.0,0.0,4.0,0.0,nan,nan,0.0,-1,eMBB,39.01,5.0,4.0,0.0,4.0,0.0,nan,nan,0.0,-1,URLLC,15.71,0.0,0.048,0.048,0.048,0.0,nan,nan,0.0,-1,URLLC,1.26,0.0,0.012,0.012,0.012,0.0,nan,nan,0.0,-1,mMTC,40.06,0.228,0.012,0.012,0.0,0.0,nan,nan,0.0,-1,mMTC,15.85,0.324,0.048,0.048,0.0,0.0,nan,nan,0.0,-1
7.999999999999874,0,PF,23,16,11,8.0,0.216,0.096,0.0,0.216,0.096,8.0,0.216,0.0,0.0,0.0,0.0,10.0,0.0,0.648,0.0,0.0,0.0,eMBB,31.63,5.0,4.0,0.0,4.0,0.0,nan,nan,0.0,-1,eMBB,39.01,5.0,4.0,0.0,4.0,0.0,nan,nan,0.0,-1,URLLC,15.71,0.0,0.108,0.108,0.108,0.0,nan,nan,0.0,-1,URLLC,1.26,0.0,0.108,0.108,0.108,0.0,nan,nan,0.0,-1,mMTC,40.06,0.276,0.048,0.048,0.0,0.0,nan,nan,0.0,-1,mMTC,15.85,0.372,0.048,0.048,0.0,0.0,nan,nan,0.0,-1
8.999999999999853,0,PF,23,16,11,8.0,0.192,0.072,0.0,0.192,0.072,8.0,0.18,0.0,0.0,0.0,0.0,10.0,0.012,0.72,0.0,0.0,0.0,eMBB,31.63,5.0,4.0,0.0,4.0,0.0,nan,nan,0.0,-1,eMBB,39.01,5.0,4.0,0.0,4.0,0.0,nan,nan,0.0,-1,URLLC,15.71,0.012,0.132,0.132,0.12,0.0,nan,nan,0.0,-1,URLLC,1.26,0.0,0.06,0.06,0.06,0.0,nan,nan,0.0,-1,mMTC,40.06,0.3,0.024,0.024,0.0,0.0,nan,nan,0.0,-1,mMTC,15.85,0.42,0.048,0.048,0.0,0.0,nan,nan,0.0,-1
9.999999999999831,0,PF,23,16,11,8.0,0.168,0.072,0.0,0.168,0.072,8.0,0.18,0.0,0.0,0.0,0.0,10.0,0.0,0.792,0.0,0.0,0.0,eMBB,31.63,5.0,4.0,0.0,4.0,0.0,nan,nan,0.0,-1,eMBB,39.01,5.0,4.0,0.0,4.0,0.0,nan,nan,0.0,-1,URLLC,15.71,0.0,0.108,0.108,0.12,0.0,nan,nan,0.0,-1,URLLC,1.26,0.0,0.06,0.06,0.06,0.0,nan,nan,0.0,-1,mMTC,40.06,0.324,0.024,0.024,0.0,0.0,nan,nan,0.0,-1,mMTC,15.85,0.468,0.048,0.048,0.0,0.0,nan,nan,0.0,-1
10.99999999999981,0,PF,23,16,11,8.0,0.276,0.084,0.0,0.276,0.084,8.0,0.264,0.0,0.0,0.0,0.0,10.0,0.012,0.876,0.0,0.0,0.0,eMBB,31.63,5.0,4.0,0.0,4.0,0.0,nan,nan,0.0,-1,eMBB,39.01,5.0,4.0,0.0,4.0,0.0,nan,nan,0.0,-1,URLLC,15.71,0.0,0.084,0.084,0.084,0.0,nan,nan,0.0,-1,URLLC,1.26,0.012,0.192,0.192,0.18,0.0,nan,nan,0.0,-1,mMTC,40.06,0.348,0.024,0.024,0.0,0.0,nan,nan,0.0,-1,mMTC,15.85,0.528,0.06,0.06,0.0,0.0,nan,nan,0.0,-1
11.999999999999789,0,PF,23,16,11,8.0,0.192,0.12,0.0,0.192,0.12,8.0,0.192,0.0,0.0,0.0,0.0,10.0,0.012,0.996,0.0,0.0,0.0,eMBB,31.63,5.0,4.0,0.0,4.0,0.0,nan,nan,0.0,-1,eMBB,39.01,5.0,4.0,0.0,4.0,0.0,nan,nan,0.0,-1,URLLC,15.71,0.0,0.108,0.108,0.108,0.0,nan,nan,0.0,-1,URLLC,1.26,0.012,0.084,0.084,0.084,0.0,nan,nan,0.0,-1,mMTC,40.06,0.384,0.036,0.036,0.0,0.0,nan,nan,0.0,-1,mMTC,15.85,0.612,0.084,0.084,0.0,0.0,nan,nan,0.0,-1
12.999999999999767,0,PF,23,16,11,8.0,0.156,0.156,0.0,0.156,0.156,8.0,0.168,0.0,0.0,0.0,0.0,10.0,0.0,1.152,0.0,0.0,0.0,eMBB,31.63,5.0,4.0,0.0,4.0,0.0,nan,nan,0.0,-1,eMBB,39.01,5.0,4.0,0.0,4.0,0.0,nan,nan,0.0,-1,URLLC,15.71,0.0,0.072,0.072,0.072,0.0,nan,nan,0.0,-1,URLLC,1.26,0.0,0.084,0.084,0.096,0.0,nan,nan,0.0,-1,mMTC,40.06,0.456,0.072,0.072,0.0,0.0,nan,nan,0.0,-1,mMTC,15.85,0.696,0.084,0.084,0.0,0.0,nan,nan,0.0,-1
13.999999999999746,0,PF,23,16,11,8.0,0.192,0.072,0.0,0.192,0.072,8.0,0.192,0.0,0.0,0.0,0.0,10.0,0.0,1.224,0.0,0.0,0.0,eMBB,31.63,5.0,4.0,0.0,4.0,0.0,nan,nan,0.0,-1,eMBB,39.01,5.0,4.0,0.0,4.0,0.0,nan,nan,0.0,-1,URLLC,15.71,0.0,0.096,0.096,0.096,0.0,nan,nan,0.0,-1,URLLC,1.26,0.0,0.096,0.096,0.096,0.0,nan,nan,0.0,-1,mMTC,40.06,0.492,0.036,0.036,0.0,0.0,nan,nan,0.0,-1,mMTC,15.85,0.732,0.036,0.036,0.0,0.0,nan,nan,0.0,-1
14.999999999999725,0,PF,23,16,11,8.0,0.204,0.072,0.0,0.204,0.072,8.0,0.204,0.0,0.0,0.0,0.0,10.0,0.0,1.296,0.0,0.0,0.0,eMBB,31.63,5.0,4.0,0.0,4.0,0.0,nan,nan,0.0,-1,eMBB,39.01,5.0,4.0,0.0,4.0,0.0,nan,nan,0.0,-1,URLLC,15.71,0.0,0.108,0.108,0.108,0.0,nan,nan,0.0,-1,URLLC,1.26,0.0,0.096,0.096,0.096,0.0,nan,nan,0.0,-1,mMTC,40.06,0.54,0.048,0.048,0.0,0.0,nan,nan,0.0,-1,mMTC,15.85,0.756,0.024,0.024,0.0,0.0,nan,nan,0.0,-1
15.999999999999703,0,PF,23,16,11,8.0,0.144,0.132,0.0,0.144,0.132,8.0,0.144,0.0,0.0,0.0,0.0,10.0,0.0,1.428,0.0,0.0,0.0,eMBB,31.63,5.0,4.0,0.0,4.0,0.0,nan,nan,0.0,-1,eMBB,39.01,5.0,4.0,0.0,4.0,0.0,nan,nan,0.0,-1,URLLC,15.71,0.0,0.072,0.072,0.072,0.0,nan,nan,0.0,-1,URLLC,1.26,0.0,0.072,0.072,0.072,0.0,nan,nan,0.0,-1,mMTC,40.06,0.588,0.048,0.048,0.0,0.0,nan,nan,0.0,-1,mMTC,15.85,0.84,0.084,0.084,0.0,0.0,nan,nan,0.0,-1
16.999999999999858,0,PF,23,16,11,8.0,0.18,0.144,0.0,0.18,0.144,8.0,0.18,0.0,0.0,0.0,0.0,10.0,0.0,1.572,0.0,0.0,0.0,eMBB,31.63,5.0,4.0,0.0,4.0,0.0,nan,nan,0.0,-1,eMBB,39.01,5.0,4.0,0.0,4.0,0.0,nan,nan,0.0,-1,URLLC,15.71,0.0,0.084,0.084,0.084,0.0,nan,nan,0.0,-1,URLLC,1.26,0.0,0.096,0.096,0.096,0.0,nan,nan,0.0,-1,mMTC,40.06,0.636,0.048,0.048,0.0,0.0,nan,nan,0.0,-1,mMTC,15.85,0.936,0.096,0.096,0.0,0.0,nan,nan,0.0,-1
18.000000000000014,0,PF,23,16,11,8.0,0.156,0.096,0.0,0.156,0.096,8.0,0.156,0.0,0.0,0.0,0.0,10.0,0.0,1.668,0.0,0.0,0.0,eMBB,31.63,5.0,4.0,0.0,4.0,0.0,nan,nan,0.0,-1,eMBB,39.01,5.0,4.0,0.0,4.0,0.0,nan,nan,0.0,-1,URLLC,15.71,0.0,0.072,0.072,0.072,0.0,nan,nan,0.0,-1,URLLC,1.26,0.0,0.084,0.084,0.084,0.0,nan,nan,0.0,-1,mMTC,40.06,0.708,0.072,0.072,0.0,0.0,nan,nan,0.0,-1,mMTC,15.85,0.96,0.024,0.024,0.0,0.0,nan,nan,0.0,-1
19.00000000000017,1,PF,23,16,11,8.0,0.204,0.024,4.28,0.204,0.024,3.72,0.144,0.0,11.886851,0.06,1.469875,2.393149,0.0,0.222125,2.702,3.0,3.0,eMBB,31.63,1.750337,4.0,2.12,1.88,5.369663,19.365184533774055,4.079308413020077e-14,2.54489716492891,15,eMBB,39.01,0.642812,4.0,2.16,1.84,6.517188,28.004313774708244,4.13952539441032e-14,2.8459748908296945,15,URLLC,15.71,0.0,0.072,0.072,0.036,0.036,53.28778015231734,4.2893724675111504e-14,2.999538,15,URLLC,1.26,0.0,0.132,0.132,0.108,0.024,63.25851443793751,4.2893724675111264e-14,2.999538,15,mMTC,40.06,0.0,0.012,0.012,0.0,0.72,42.997786390244805,4.289372467511147e-14,2.999538,15,mMTC,15.85,0.222125,0.012,0.012,0.0,0.749875,38.49904766806025,4.289372467511127e-14,2.999538,15
20.000000000000327,1,PF,23,16,11,8.0,0.168,0.048,8.0,0.168,0.048,0.0,0.024,0.0,10.045477,0.144,0.270125,0.347672,0.0,0.0,2.834,3.0,2.937,eMBB,31.63,0.347672,4.0,4.0,0.0,5.402665,37.16884429006151,4.1060659518055393e-14,2.770637169230769,15,eMBB,39.01,0.0,4.0,4.0,0.0,4.642812,35.97510297402428,4.112125671333015e-14,2.8542044826446284,15,URLLC,15.71,0.0,0.072,0.072,0.0,0.072,50.87016390666891,4.2893724675111535e-14,2.999538,15,URLLC,1.26,0.0,0.096,0.096,0.024,0.072,71.31932586463245,4.289372467511148e-14,2.999538,15,mMTC,40.06,0.0,0.024,0.024,0.0,0.024,39.95438754172296,4.2893724675111554e-14,2.934962511627907,15,mMTC,15.85,0.0,0.024,0.024,0.0,0.246125,40.242497309427165,4.289372467511128e-14,2.999538,15
21.000000000000483,1,PF,23,16,11,8.0,0.156,0.06,8.0,0.156,0.06,0.0,0.036,0.0,8.039314,0.12,0.06,0.308358,0.0,0.0,2.875,3.0,2.894,eMBB,31.63,0.308358,4.0,4.0,0.0,4.039314,36.92343510017422,4.096705619088651e-14,2.8648069787234043,15,eMBB,39.01,0.0,4.0,4.0,0.0,4.0,44.03100233895766,4.1136318656556223e-14,2.8766434233687406,15,URLLC,15.71,0.0,0.084,0.084,0.024,0.06,46.609729394387706,4.2893724675111333e-14,2.999538,15,URLLC,1.26,0.0,0.072,0.072,0.012,0.06,73.1851336484269,4.289372467511156e-14,2.999538,15,mMTC,40.06,0.0,0.024,0.024,0.0,0.024,26.73334319289468,4.2893724675111554e-14,2.8903120465116277,15,mMTC,15.85,0.0,0.036,0.036,0.0,0.036,40.124062671650066,4.289372467511128e-14,2.999538,15
22.00000000000064,1,PF,23,16,11,8.0,0.168,0.096,8.0,0.168,0.096,0.0,0.048,0.0,8.129293,0.12,0.096,0.179065,0.0,0.0,2.875,3.0,2.944,eMBB,31.63,0.139065,4.0,4.0,0.0,4.169293,37.50483751575186,4.111881192993435e-14,2.8754191862068965,15,eMBB,39.01,0.04,4.0,4.0,0.0,3.96,42.78355686463744,4.110375753854209e-14,2.8743664396946564,15,URLLC,15.71,0.0,0.108,0.108,0.048,0.06,45.43086844810631,4.2893724675111485e-14,2.999538,15,URLLC,1.26,0.0,0.06,0.06,0.0,0.06,74.30370340543186,4.2893724675111535e-14,2.999538,15,mMTC,40.06,0.0,0.048,0.048,0.0,0.048,27.080777990844066,4.289372467511156e-14,2.942264406169666,15,mMTC,15.85,0.0,0.048,0.048,0.0,0.048,43.65612426283811,4.289372467511129e-14,2.999538,15
23.000000000000796,1,PF,23,16,11,8.0,0.144,0.132,8.0,0.144,0.132,0.0,0.024,0.0,8.029323,0.12,0.12,0.149742,0.0,0.012,2.874,2.995,2.988,eMBB,31.63,0.149742,4.0,4.0,0.0,3.989323,37.63490897271575,4.104219699129361e-14,2.8700615395683453,15,eMBB,39.01,0.0,4.0,4.0,0.0,4.04,31.438819642213524,4.1120005349161485e-14,2.8751435945537067,15,URLLC,15.71,0.0,0.06,0.06,0.012,0.048,37.31833623632515,4.2893724675111485e-14,2.9892193043478263,15,URLLC,1.26,0.0,0.084,0.084,0.012,0.072,78.95565313858299,4.2893724675111535e-14,2.999538,15,mMTC,40.06,0.012,0.084,0.084,0.0,0.072,26.942956333295193,4.289372467511141e-14,2.9651407769784175,15,mMTC,15.85,0.0,0.048,0.048,0.0,0.048,44.087491406759426,4.2893724675111516e-14,2.999538,15
24.000000000000952,1,PF,23,16,11,8.0,0.12,0.096,8.0,0.12,0.096,0.0,0.036,0.0,8.049732,0.084,0.108,0.10001,0.0,0.0,2.875,2.994,2.996,eMBB,31.63,0.10001,4.0,4.0,0.0,4.049732,34.480042330322355,4.128269276243114e-14,2.886879295774648,15,eMBB,39.01,0.0,4.0,4.0,0.0,4.0,32.04990152021069,4.106845979531965e-14,2.871898085106383,15,URLLC,15.71,0.0,0.072,0.072,0.024,0.048,37.62541631989376,4.2893724675111554e-14,2.991961716494845,15,URLLC,1.26,0.0,0.048,0.048,0.012,0.036,82.12843702319736,4.289372467511135e-14,2.999538,15,mMTC,40.06,0.0,0.048,0.048,0.0,0.06,29.41157173846193,4.289372467511131e-14,2.999538,15,mMTC,15.85,0.0,0.048,0.048,0.0,0.048,49.222968824009726,4.2893724675111535e-14,2.9942781854304634,15
25.00000000000111,1,PF,23,16,11,8.0,0.168,0.096,8.0,0.168,0.096,0.0,0.06,0.0,8.10001,0.108,0.096,0.0,0.0,0.0,2.874,3.0,2.998,eMBB,31.63,0.0,4.0,4.0,0.0,4.10001,38.122882762713076,4.11898288762728e-14,2.8803853678756477,15,eMBB,39.01,0.0,4.0,4.0,0.0,4.0,30.035668477967576,4.107998672893721e-14,2.872313169686985,15,URLLC,15.71,0.0,0.108,0.108,0.048,0.06,47.4180270252813,4.2893724675111397e-14,2.999538,15,URLLC,1.26,0.0,0.06,0.06,0.012,0.048,82.25160193543601,4.2893724675111554e-14,2.999538,15,mMTC,40.06,0.0,0.048,0.048,0.0,0.048,31.127229566955794,4.289372467511127e-14,2.999538,15,mMTC,15.85,0.0,0.048,0.048,0.0,0.048,48.78933417951579,4.2893724675111554e-14,2.9974588586387436,15
26.000000000001265,1,PF,23,16,11,8.0,0.228,0.024,8.0,0.228,0.024,0.0,0.132,0.0,7.989995,0.096,0.012,0.010005,0.0,0.012,2.872,3.0,3.0,eMBB,31.63,0.0,4.0,4.0,0.0,4.0,36.12520057500747,4.09788262521154e-14,2.8597958839285713,15,eMBB,39.01,0.010005,4.0,4.0,0.0,3.989995,25.814269859167457,4.115613166165222e-14,2.87624346875,15,URLLC,15.71,0.0,0.072,0.072,0.024,0.048,49.30657821895272,4.289372467511156e-14,2.999538,15,URLLC,1.26,0.0,0.156,0.156,0.108,0.048,73.33632553765213,4.289372467511126e-14,2.999538,15,mMTC,40.06,0.012,0.024,0.024,0.0,0.012,32.32111287176711,4.289372467511129e-14,2.999538,15,mMTC,15.85,0.0,0.0,0.0,0.0,0.0,48.8126136208302,4.289372467511156e-14,2.999538,15
27.00000000000142,1,PF,23,16,11,8.0,0.228,0.072,8.0,0.228,0.072,0.0,0.096,0.0,7.970005,0.132,0.084,0.04,0.0,0.0,2.868,3.0,2.988,eMBB,31.63,0.04,4.0,4.0,0.0,3.96,34.76081847089397,4.1014832889129034e-14,2.857022596153846,15,eMBB,39.01,0.0,4.0,4.0,0.0,4.010005,31.116309278372988,4.116508413151077e-14,2.875698368852459,15,URLLC,15.71,0.0,0.132,0.132,0.072,0.06,49.409903477979285,4.2893724675111453e-14,2.999538,15,URLLC,1.26,0.0,0.096,0.096,0.024,0.072,79.45568840330539,4.289372467511155e-14,2.999538,15,mMTC,40.06,0.0,0.012,0.012,0.0,0.024,30.018260452760643,4.289372467511145e-14,2.9723073882352944,15,mMTC,15.85,0.0,0.06,0.06,0.0,0.06,51.504493119180346,4.2893724675111504e-14,2.999538,15
28.000000000001577,1,PF,23,16,11,8.0,0.24,0.12,8.0,0.24,0.12,0.0,0.096,0.0,8.0,0.144,0.12,0.04,0.0,0.0,2.872,3.0,2.888,eMBB,31.63,0.04,4.0,4.0,0.0,4.0,33.22270932446307,4.1083862874473864e-14,2.87046182278481,15,eMBB,39.01,0.0,4.0,4.0,0.0,4.0,31.81700505836988,4.112125671333011e-14,2.872765859504132,15,URLLC,15.71,0.0,0.132,0.132,0.06,0.072,44.681456868170024,4.289372467511147e-14,2.999538,15,URLLC,1.26,0.0,0.108,0.108,0.036,0.072,78.23295652157101,4.2893724675111535e-14,2.999538,15,mMTC,40.06,0.0,0.048,0.048,0.0,0.048,28.080540188057412,4.289372467511156e-14,2.8850783017902812,15,mMTC,15.85,0.0,0.072,0.072,0.0,0.072,44.60481871652669,4.289372467511129e-14,2.999538,15
29.000000000001734,1,PF,23,16,11,8.0,0.168,0.072,8.0,0.168,0.072,0.0,0.06,0.0,8.04,0.108,0.072,0.0,0.0,0.0,2.85,3.0,2.901,eMBB,31.63,0.0,4.0,4.0,0.0,4.04,28.80693634733091,4.1141530039690316e-14,2.853912661764706,15,eMBB,39.01,0.0,4.0,4.0,0.0,4.0,28.526306297298806,4.1070011891305765e-14,2.8458480765306122,15,URLLC,15.71,0.0,0.084,0.084,0.024,0.06,45.61016298963917,4.289372467511144e-14,2.999538,15,URLLC,1.26,0.0,0.084,0.084,0.036,0.048,70.90242894959286,4.289372467511154e-14,2.999538,15,mMTC,40.06,0.0,0.024,0.024,0.0,0.024,28.09685364752367,4.2893724675111554e-14,2.896971274151436,15,mMTC,15.85,0.0,0.048,0.048,0.0,0.048,47.59408647000237,4.2893724675111277e-14,2.999538,15
30.00000000000189,1,PF,23,16,11,8.0,0.192,0.084,8.0,0.192,0.084,0.0,0.084,0.0,7.96,0.108,0.084,0.04,0.0,0.0,2.859,2.999,2.952,eMBB,31.63,0.04,4.0,4.0,0.0,3.96,30.517053894232532,4.103774620359229e-14,2.8515535528846154,15,eMBB,39.01,0.0,4.0,4.0,0.0,4.0,28.399521214453713,4.1180954418987276e-14,2.868011296875,15,URLLC,15.71,0.0,0.132,0.132,0.084,0.048,44.59629511164706,4.289372467511143e-14,2.9979766184210526,15,URLLC,1.26,0.0,0.06,0.06,0.0,0.06,78.95886024592298,4.289372467511155e-14,2.999538,15,mMTC,40.06,0.0,0.036,0.036,0.0,0.036,29.133347609096884,4.289372467511156e-14,2.950464077120823,15,mMTC,15.85,0.0,0.048,0.048,0.0,0.048,49.60649749102825,4.289372467511129e-14,2.999538,15
31.000000000002046,1,PF,23,16,11,8.0,0.132,0.036,8.0,0.132,0.036,0.0,0.06,0.0,8.0,0.072,0.024,0.04,0.0,0.012,2.873,2.999,2.982,eMBB,31.63,0.0,4.0,4.0,0.0,4.04,32.08587892344865,4.111122683273288e-14,2.8736297188328916,15,eMBB,39.01,0.04,4.0,4.0,0.0,3.96,33.87006186975284,4.110226099679719e-14,2.872578595744681,15,URLLC,15.71,0.0,0.06,0.06,0.024,0.036,47.19381042466463,4.289372467511151e-14,2.9985810241935487,15,URLLC,1.26,0.0,0.072,0.072,0.036,0.036,82.19507862100004,4.2893724675111516e-14,2.999538,15,mMTC,40.06,0.012,0.036,0.036,0.0,0.024,28.318461533228664,4.289372467511139e-14,2.989546724409449,15,mMTC,15.85,0.0,0.0,0.0,0.0,0.0,38.16451599823365,4.289372467511152e-14,2.978697956043956,15
32.0000000000022,1,PF,23,16,11,8.0,0.192,0.072,8.0,0.192,0.072,0.0,0.084,0.0,8.0,0.096,0.084,0.04,0.012,0.0,2.874,3.0,2.99,eMBB,31.63,0.04,4.0,4.0,0.0,3.96,30.79170684107983,4.106065951805545e-14,2.8706764615384617,15,eMBB,39.01,0.0,4.0,4.0,0.0,4.04,33.48473122297626,4.11423105272785e-14,2.8760052828507794,15,URLLC,15.71,0.0,0.108,0.108,0.06,0.048,47.151860317160335,4.289372467511148e-14,2.999538,15,URLLC,1.26,0.012,0.084,0.084,0.024,0.048,79.81677845221094,4.2893724675111535e-14,2.999538,15,mMTC,40.06,0.0,0.036,0.036,0.0,0.048,24.066181555078852,4.289372467511129e-14,2.9402055,15,mMTC,15.85,0.0,0.036,0.036,0.0,0.036,35.79935429176335,4.2893724675111554e-14,2.991708974226804,15
33.000000000002004,1,PF,23,16,11,8.0,0.204,0.108,8.0,0.204,0.108,0.0,0.072,0.0,8.029995,0.132,0.096,0.010005,0.012,0.012,2.874,2.998,2.993,eMBB,31.63,0.0,4.0,4.0,0.0,4.04,34.27188349736061,4.120499535719374e-14,2.8808230393700787,15,eMBB,39.01,0.010005,4.0,4.0,0.0,3.989995,35.06326430428921,4.101691094628804e-14,2.866964176610978,15,URLLC,15.71,0.012,0.084,0.084,0.0,0.072,38.07241219958324,4.2893724675111535e-14,2.9963945562913907,15,URLLC,1.26,0.0,0.12,0.12,0.072,0.06,78.57973636858978,4.289372467511148e-14,2.999538,15,mMTC,40.06,0.012,0.072,0.072,0.0,0.06,28.214982558171613,4.289372467511129e-14,2.702106,15,mMTC,15.85,0.0,0.036,0.036,0.0,0.036,37.14031640874018,4.289372467511156e-14,2.995305869017632,15
34.000000000001805,1,PF,23,16,11,8.0,0.12,0.096,8.0,0.12,0.096,0.0,0.024,0.0,7.970005,0.108,0.108,0.04,0.0,0.0,2.872,2.999,2.996,eMBB,31.63,0.04,4.0,4.0,0.0,3.96,34.44051117346581,4.1239421244115474e-14,2.8831995371900825,15,eMBB,39.01,0.0,4.0,4.0,0.0,4.010005,34.48370076992901,4.099606179856199e-14,2.862114219679634,15,URLLC,15.71,0.0,0.06,0.06,0.024,0.048,42.21955034770075,4.289372467511154e-14,2.998767448051948,15,URLLC,1.26,0.0,0.06,0.06,0.0,0.06,79.45095139059929,4.289372467511147e-14,2.999538,15,mMTC,40.06,0.0,0.036,0.036,0.0,0.048,28.17352140468483,4.289372467511129e-14,2.956387090909091,15,mMTC,15.85,0.0,0.06,0.06,0.0,0.06,44.010339933255835,4.289372467511156e-14,2.9970975886889457,15
35.000000000001606,1,PF,23,16,11,8.0,0.12,0.144,8.0,0.12,0.144,0.0,0.036,0.0,8.04,0.072,0.144,0.0,0.012,0.0,2.872,3.0,2.868,eMBB,31.63,0.0,4.0,4.0,0.0,4.04,29.67533195076008,4.112158957116324e-14,2.871807414084507,15,eMBB,39.01,0.0,4.0,4.0,0.0,4.0,38.96184334626181,4.1094437347915864e-14,2.872648031460674,15,URLLC,15.71,0.0,0.048,0.048,0.012,0.036,41.93823414342739,4.289372467511155e-14,2.999538,15,URLLC,1.26,0.012,0.072,0.072,0.024,0.036,80.38216504818826,4.289372467511144e-14,2.999538,15,mMTC,40.06,0.0,0.036,0.036,0.0,0.036,24.46547437245114,4.2893724675111554e-14,2.8566066212534063,15,mMTC,15.85,0.0,0.108,0.108,0.0,0.108,44.401721101338644,4.2893724675111264e-14,2.999538,15
36.00000000000141,1,PF,23,16,11,8.0,0.18,0.084,8.0,0.18,0.084,0.0,0.108,0.0,7.96,0.084,0.084,0.04,0.0,0.0,2.867,3.0,2.937,eMBB,31.63,0.04,4.0,4.0,0.0,3.96,28.87938323336066,4.135837882544307e-14,2.8887103691275167,15,eMBB,39.01,0.0,4.0,4.0,0.0,4.0,38.75165782145503,4.095695623028583e-14,2.854356167330677,15,URLLC,15.71,0.0,0.12,0.12,0.072,0.048,40.18953353171666,4.289372467511142e-14,2.999538,15,URLLC,1.26,0.0,0.06,0.06,0.036,0.036,80.13161943651541,4.289372467511155e-14,2.999538,15,mMTC,40.06,0.0,0.024,0.024,0.0,0.024,28.242482124014423,4.2893724675111554e-14,2.933615255936675,15,mMTC,15.85,0.0,0.06,0.06,0.0,0.06,45.67976840241719,4.289372467511127e-14,2.999538,15
37.00000000000121,1,PF,23,16,11,8.0,0.18,0.072,8.0,0.18,0.072,0.0,0.06,0.0,8.0,0.12,0.072,0.04,0.0,0.0,2.87,2.999,2.746,eMBB,31.63,0.0,4.0,4.0,0.0,4.04,31.13660971043313,4.0811505030688594e-14,2.8457214174757284,15,eMBB,39.01,0.04,4.0,4.0,0.0,3.96,32.89197239654472,4.129212599409927e-14,2.8844712953156826,15,URLLC,15.71,0.0,0.108,0.108,0.048,0.06,39.33586378979112,4.28937246751114e-14,2.997766880597015,15,URLLC,1.26,0.0,0.072,0.072,0.012,0.06,86.42789989911299,4.2893724675111554e-14,2.999538,15,mMTC,40.06,0.0,0.024,0.024,0.0,0.024,27.378939776721218,4.2893724675111554e-14,2.7310909655172413,15,mMTC,15.85,0.0,0.048,0.048,0.0,0.048,42.134392084322684,4.289372467511127e-14,2.9892193043478263,15
38.00000000000101,1,PF,23,16,11,8.0,0.156,0.12,8.0,0.156,0.12,0.0,0.108,0.0,8.0,0.048,0.108,0.04,0.0,0.012,2.874,2.999,2.668,eMBB,31.63,0.0,4.0,4.0,0.0,4.0,35.32618125710507,4.119245458251218e-14,2.879367311392405,15,eMBB,39.01,0.04,4.0,4.0,0.0,4.0,32.456715401787044,4.10226403888721e-14,2.8686939555555555,15,URLLC,15.71,0.0,0.072,0.072,0.048,0.024,50.679597050719394,4.289372467511157e-14,2.998972928571429,15,URLLC,1.26,0.0,0.084,0.084,0.06,0.024,90.4170968435491,4.289372467511126e-14,2.999538,15,mMTC,40.06,0.0,0.024,0.024,0.0,0.024,21.258863352121256,4.2893724675111554e-14,2.6499429973614776,15,mMTC,15.85,0.012,0.096,0.096,0.0,0.084,45.6536353771552,4.289372467511127e-14,2.999538,15
39.00000000000081,1,PF,23,16,11,8.0,0.18,0.096,8.0,0.18,0.096,0.0,0.084,0.0,8.0,0.096,0.108,0.04,0.0,0.0,2.873,3.0,2.83,eMBB,31.63,0.0,4.0,4.0,0.0,4.0,35.67527266084492,4.1183448571638196e-14,2.8793714210526313,15,eMBB,39.01,0.04,4.0,4.0,0.0,4.0,30.171660369655413,4.1022270718954816e-14,2.8665889633507855,15,URLLC,15.71,0.0,0.096,0.096,0.048,0.048,52.17564443770014,4.28937246751115e-14,2.999538,15,URLLC,1.26,0.0,0.084,0.084,0.036,0.048,88.58435181034838,4.289372467511153e-14,2.999538,15,mMTC,40.06,0.0,0.06,0.06,0.0,0.06,27.048005570462564,4.289372467511156e-14,2.825949820971867,15,mMTC,15.85,0.0,0.036,0.036,0.0,0.048,50.1461800073549,4.289372467511129e-14,2.999538,15
40.00000000000061,1,PF,23,16,11,8.0,0.18,0.024,8.0,0.18,0.024,0.0,0.072,0.0,8.0,0.096,0.024,0.04,0.012,0.0,2.875,3.0,2.991,eMBB,31.63,0.04,4.0,4.0,0.0,3.96,32.20475557420215,4.0964368384504114e-14,2.8646190216867473,15,eMBB,39.01,0.0,4.0,4.0,0.0,4.04,32.50131220254868,4.1259678020821555e-14,2.8852698857142856,15,URLLC,15.71,0.012,0.072,0.072,0.012,0.048,49.603498120718506,4.289372467511154e-14,2.999538,15,URLLC,1.26,0.0,0.108,0.108,0.06,0.048,73.40507750295683,4.2893724675111466e-14,2.999538,15,mMTC,40.06,0.0,0.012,0.012,0.0,0.012,32.80811737992778,4.2893724675111554e-14,2.9902464190981433,15,mMTC,15.85,0.0,0.012,0.012,0.0,0.012,51.977975387973814,4.289372467511127e-14,2.999538,15
41.00000000000041,1,PF,23,16,11,8.0,0.18,0.072,8.0,0.18,0.072,0.0,0.132,0.0,8.0,0.048,0.072,0.04,0.012,0.0,2.874,3.0,2.936,eMBB,31.63,0.0,4.0,4.0,0.0,4.04,35.01025549983579,4.118200326788878e-14,2.879281014084507,15,eMBB,39.01,0.04,4.0,4.0,0.0,3.96,32.93793559368546,4.102046931942482e-14,2.8685421336898393,15,URLLC,15.71,0.012,0.144,0.144,0.12,0.024,45.44312003062523,4.289372467511142e-14,2.999538,15,URLLC,1.26,0.0,0.036,0.036,0.012,0.024,73.73221594915763,4.289372467511155e-14,2.999538,15,mMTC,40.06,0.0,0.024,0.024,0.0,0.024,31.126945830607575,4.28937246751115e-14,2.8873013212669685,15,mMTC,15.85,0.0,0.048,0.048,0.0,0.048,38.64685079398079,4.289372467511146e-14,2.996426815642458,15
42.00000000000021,1,PF,23,16,11,8.0,0.18,0.096,8.0,0.18,0.096,0.0,0.072,0.0,8.04,0.12,0.084,0.0,0.0,0.012,2.873,2.999,2.784,eMBB,31.63,0.0,4.0,4.0,0.0,4.0,34.181835197300515,4.097821543922139e-14,2.865587339712919,15,eMBB,39.01,0.0,4.0,4.0,0.0,4.04,33.343205780296245,4.124684519369364e-14,2.8810507853403142,15,URLLC,15.71,0.0,0.096,0.096,0.048,0.06,43.83280445529269,4.28937246751115e-14,2.998487867256637,15,URLLC,1.26,0.0,0.084,0.084,0.024,0.06,73.59877407263666,4.289372467511152e-14,2.999538,15,mMTC,40.06,0.0,0.036,0.036,0.0,0.036,32.97922855089288,4.2893724675111554e-14,2.7730217480314963,15,mMTC,15.85,0.012,0.06,0.06,0.0,0.048,40.881336669704986,4.289372467511127e-14,2.999538,15
43.000000000000014,1,PF,23,16,11,8.0,0.12,0.12,8.0,0.12,0.12,0.0,0.06,0.0,7.96,0.06,0.108,0.04,0.0,0.024,2.871,2.99,2.982,eMBB,31.63,0.04,4.0,4.0,0.0,3.96,34.60894029359541,4.113289853902321e-14,2.874845438423645,15,eMBB,39.01,0.0,4.0,4.0,0.0,4.0,34.55266902787318,4.107926931660427e-14,2.8673698020304568,15,URLLC,15.71,0.0,0.06,0.06,0.036,0.024,41.75126874174525,4.2893724675111535e-14,2.9836627397260274,15,URLLC,1.26,0.0,0.06,0.06,0.024,0.036,80.55932485333312,4.2893724675111485e-14,2.999538,15,mMTC,40.06,0.0,0.036,0.036,0.0,0.036,35.556824093927766,4.289372467511156e-14,2.9816101367088605,15,mMTC,15.85,0.024,0.084,0.084,0.0,0.072,44.41937292510576,4.289372467511129e-14,2.999538,15
43.999999999999815,1,PF,23,16,11,8.0,0.096,0.096,8.0,0.096,0.096,0.0,0.048,0.0,8.029995,0.048,0.084,0.010005,0.0,0.036,2.863,3.0,2.986,eMBB,31.63,0.0,4.0,4.0,0.0,4.04,34.949317573389905,4.111816744455138e-14,2.8672530588235294,15,eMBB,39.01,0.010005,4.0,4.0,0.0,3.989995,31.145827853277666,4.109076264086927e-14,2.8563561818181817,15,URLLC,15.71,0.0,0.072,0.072,0.048,0.024,48.19791124435735,4.289372467511126e-14,2.999538,15,URLLC,1.26,0.0,0.024,0.024,0.0,0.024,81.42910969561142,4.289372467511157e-14,2.999538,15,mMTC,40.06,0.0,0.036,0.036,0.0,0.036,36.70684701233641,4.289372467511156e-14,2.986004351758794,15,mMTC,15.85,0.036,0.06,0.06,0.0,0.048,46.77975760504368,4.289372467511129e-14,2.999538,15
44.999999999999616,1,PF,23,16,11,8.0,0.216,0.048,8.0,0.216,0.048,0.0,0.108,0.0,7.970005,0.108,0.072,0.04,0.0,0.012,2.844,3.0,3.0,eMBB,31.63,0.04,4.0,4.0,0.0,3.96,26.481882361063306,4.094802994758073e-14,2.840239744329897,15,eMBB,39.01,0.0,4.0,4.0,0.0,4.010005,27.688622582126943,4.135045839050431e-14,2.850045314285714,15,URLLC,15.71,0.0,0.084,0.084,0.024,0.06,44.658999437332724,4.28937246751115e-14,2.999538,15,URLLC,1.26,0.0,0.132,0.132,0.084,0.048,80.20981102012244,4.289372467511152e-14,2.999538,15,mMTC,40.06,0.012,0.048,0.048,0.0,0.036,37.781038861991135,4.2893724675111264e-14,2.999538,15,mMTC,15.85,0.0,0.0,0.0,0.0,0.036,43.40354127825503,4.289372467511155e-14,2.999538,15
45.99999999999942,1,PF,23,16,11,8.0,0.216,0.12,8.0,0.216,0.12,0.0,0.084,0.0,8.0,0.132,0.132,0.04,0.0,0.0,2.87,3.0,2.977,eMBB,31.63,0.0,4.0,4.0,0.0,4.04,32.58271460694103,4.126896237681188e-14,2.8819136863636365,15,eMBB,39.01,0.04,4.0,4.0,0.0,3.96,29.774427731077694,4.090790408830078e-14,2.8560882999999997,15,URLLC,15.71,0.0,0.096,0.096,0.036,0.06,49.29755015701494,4.289372467511152e-14,2.999538,15,URLLC,1.26,0.0,0.12,0.12,0.048,0.072,71.10764907137232,4.28937246751115e-14,2.999538,15,mMTC,40.06,0.0,0.06,0.06,0.0,0.072,32.95050374645816,4.289372467511127e-14,2.999538,15,mMTC,15.85,0.0,0.06,0.06,0.0,0.06,42.73585595761786,4.2893724675111554e-14,2.975801920424403,15
46.99999999999922,1,PF,23,16,11,8.0,0.168,0.18,8.0,0.168,0.18,0.0,0.096,0.0,8.029995,0.072,0.18,0.010005,0.0,0.0,2.874,3.0,2.989,eMBB,31.63,0.010005,4.0,4.0,0.0,3.989995,37.566420381816464,4.111904285795236e-14,2.8735753067915693,15,eMBB,39.01,0.0,4.0,4.0,0.0,4.04,34.550360568067326,4.109211157436956e-14,2.8735520428954424,15,URLLC,15.71,0.0,0.132,0.132,0.096,0.036,45.16509258284284,4.289372467511132e-14,2.999538,15,URLLC,1.26,0.0,0.036,0.036,0.0,0.036,73.96439910847971,4.289372467511156e-14,2.999538,15,mMTC,40.06,0.0,0.084,0.084,0.0,0.084,32.528062511259186,4.289372467511155e-14,2.9877353181818185,15,mMTC,15.85,0.0,0.096,0.096,0.0,0.096,44.8907374891082,4.2893724675111264e-14,2.999538,15
47.99999999999902,1,PF,23,16,11,8.0,0.144,0.084,8.0,0.144,0.084,0.0,0.072,0.0,7.970005,0.072,0.072,0.04,0.0,0.012,2.873,3.0,2.998,eMBB,31.63,0.04,4.0,4.0,0.0,3.970005,37.30638500244987,4.111520438370448e-14,2.8724503170731706,15,eMBB,39.01,0.0,4.0,4.0,0.0,4.0,35.767149820643176,4.10973208211966e-14,2.873916323076923,15,URLLC,15.71,0.0,0.048,0.048,0.012,0.036,43.564404422766785,4.289372467511156e-14,2.999538,15,URLLC,1.26,0.0,0.096,0.096,0.06,0.036,65.86186765307382,4.289372467511135e-14,2.999538,15,mMTC,40.06,0.012,0.048,0.048,0.0,0.036,29.968985594632244,4.289372467511126e-14,2.9934526153846157,15,mMTC,15.85,0.0,0.036,0.036,0.0,0.036,48.45698090480479,4.289372467511154e-14,2.999538,15
